ClienteId;Nombre_Completo;Ciudad;Estado
CLI00001;Lenin Martínez;Guayaquil;Activo
CLI00002;Guayasamin García;Quito;Activo
CLI00003;Guayasamin Molina;Cuenca;Activo
CLI00004;Guayasamin Ortiz;Ambato;Activo
CLI00005;Juan Morejon;Machala;Activo
CLI00006;Oswaldo Arellano;Duran;Activo
CLI00007;Juan Ruíz;Daule;Activo
CLI00008;Maria Arellano;Ibarra;Activo
CLI00009;Martha Ruíz;Portoviejo;Activo
CLI00010;José Morejon;Esmeraldas;Activo
CLI00011;Denisse Ortiz;Riobamba;Activo
CLI00012;Juan Morejon;Guayaquil;Inactivo
CLI00013;Oswaldo López;Quito;Activo
CLI00014;Martha López;Cuenca;Activo
CLI00015;Maria Ortiz;Ambato;Activo
CLI00016;Ernesto Martínez;Machala;Activo
CLI00017;Juan Molina;Duran;Activo
cli00018;Juan López;Daule;Activo
cli00019;Denisse López;Ibarra;Activo
cli00020;Maria Arellano;Portoviejo;Activo
cli00021;Juan López;Esmeraldas;Activo
cli00022;Maria Arellano;Riobamba;Activo
cli00023;Denisse Ortiz;Guayaquil;Activo
cli00024;Oswaldo Ortiz;Quito;Activo
cli00025;Lenin Arellano;Cuenca;Activo
cli00026;Oswaldo Pérez;Ambato;Activo
cli00027;Guayasamin Arellano;Machala;Activo
cli00028;Denisse Pérez;Duran;Activo
cli00029;Juan Ruíz;Daule;Activo
cli00030;Lenin Pérez;Ibarra;Activo
cli00031;Guayasamin Pérez;Portoviejo;Activo
cli00032;Lenin Martínez;Esmeraldas;Activo
cli00033;Maria Ortiz;Riobamba;Activo
cli00034;Maria Martínez;Guayaquil;Activo
cli00035;Glenda Andrade;Quito;Activo
cli00036;Maria Pérez;Cuenca;Activo
cli00037;Denisse López;Ambato;Activo
cli00038;Martha Molina;Machala;Activo
cli00039;Juan Arellano;Duran;Activo
cli00040;Carlos Andrade;Daule;Activo
cli00041;Maria López;Ibarra;Activo
cli00042;Denisse Andrade;Portoviejo;Inactivo
cli00043;Ernesto Ruíz;Esmeraldas;Activo
cli00044;Oswaldo Martínez;Riobamba;Activo
cli00045;Carlos Andrade;Guayaquil;Activo
cli00046;Lenin Ortiz;Quito;Activo
cli00047;Juan Arellano;Cuenca;Activo
cli00048;Martha Morejon;Ambato;Activo
cli00049;José Martínez;Machala;Activo
cli00050;Juan Pérez;Duran;Activo
cli00051;Juan Ruíz;Daule;Activo
cli00052;Lenin Ruíz;Ibarra;Activo
cli00053;Glenda Martínez;Portoviejo;Activo
cli00054;Denisse Ruíz;Esmeraldas;Activo
cli00055;Guayasamin Ortiz;Riobamba;Activo
cli00056;Guayasamin Morejon;Guayaquil;Activo
cli00057;Guayasamin García;Quito;Activo
cli00058;Carlos Ortiz;Cuenca;Activo
cli00059;Ernesto Molina;Ambato;Activo
cli00060;Juan García;Machala;Activo
cli00061;Martha López;Duran;Activo
cli00062;Oswaldo Ruíz;Daule;Activo
cli00063;Ernesto Pérez;Ibarra;Activo
cli00064;Martha Pérez;Portoviejo;Activo
cli00065;Carlos Morejon;Esmeraldas;Activo
cli00066;Juan García;Riobamba;Activo
cli00067;Juan Molina;Guayaquil;Activo
cli00068;Juan Molina;Quito;Activo
cli00069;Carlos Ruíz;Cuenca;Activo
cli00070;Ernesto Arellano;Ambato;Activo
cli00071;Carlos Martínez;Machala;Activo
cli00072;José Arellano;Duran;Activo
cli00073;Glenda Martínez;Daule;Activo
cli00074;Denisse Molina;Ibarra;Activo
cli00075;Lenin Tumbaco;Portoviejo;Activo
cli00076;Glenda Martínez;Esmeraldas;Activo
cli00077;Maria Arellano;Riobamba;Activo
cli00078;Glenda López;Guayaquil;Activo
cli00079;José Ruíz;Quito;Activo
cli00080;Carlos Ruíz;Cuenca;Activo
cli00081;Oswaldo Ortiz;Ambato;Activo
cli00082;Maria Martínez;Machala;Activo
cli00083;Guayasamin Martínez;Duran;Activo
cli00084;Glenda Morejon;Daule;Activo
cli00085;Carlos Arellano;Ibarra;Activo
cli00086;Carlos Arellano;Portoviejo;Activo
cli00087;Oswaldo Morejon;Esmeraldas;Activo
cli00088;Ernesto García;Riobamba;Activo
cli00089;Ernesto Molina;Guayaquil;Activo
cli00090;Guayasamin García;Quito;Activo
cli00091;Maria García;Cuenca;Activo
cli00092;Glenda Morejon;Ambato;Activo
cli00093;Martha Ortiz;Machala;Activo
cli00094;Lenin Pérez;Duran;Activo
cli00095;Carlos Morejon;Daule;Activo
cli00096;Guayasamin Pérez;Ibarra;Activo
cli00097;Glenda Morejon;Portoviejo;Activo
cli00098;Ernesto Ruíz;Esmeraldas;Activo
cli00099;José Arellano;Riobamba;Activo
cli00100;Maria Arellano;Guayaquil;Activo
CLI00101;Guayasamin López;Quito;Activo
CLI00102;Glenda Ruíz;Cuenca;Activo
CLI00103;Maria Martínez;Ambato;Activo
CLI00104;Ernesto Ortiz;Machala;Activo
CLI00105;Guayasamin Arellano;Duran;Activo
CLI00106;Maria Martínez;Daule;Activo
CLI00107;Juan Ortiz;Ibarra;Activo
CLI00108;José Pérez;Portoviejo;Activo
CLI00109;Guayasamin Martínez;Esmeraldas;Activo
CLI00110;Maria Ortiz;Riobamba;Inactivo
CLI00111;Juan Pérez;Guayaquil;Activo
CLI00112;Glenda García;Quito;Activo
CLI00113;Guayasamin Tumbaco;Cuenca;Activo
CLI00114;Guayasamin García;Ambato;Activo
CLI00115;Lenin Tumbaco;Machala;Activo
CLI00116;Lenin Morejon;Duran;Activo
CLI00117;Lenin García;Daule;Activo
CLI00118;Ernesto Morejon;Ibarra;Activo
CLI00119;Guayasamin Pérez;Portoviejo;Activo
CLI00120;Lenin Tumbaco;Esmeraldas;Activo
CLI00121;Maria López;Riobamba;Activo
CLI00122;Juan Arellano;Guayaquil;Activo
CLI00123;Martha Molina;Quito;Activo
CLI00124;José Pérez;Cuenca;Activo
CLI00125;Oswaldo Arellano;Ambato;Activo
CLI00126;Denisse Ruíz;Machala;Activo
CLI00127;Martha Pérez;Duran;Activo
CLI00128;Lenin Pérez;Daule;Activo
CLI00129;Lenin Morejon;Ibarra;Activo
CLI00130;Lenin Martínez;Portoviejo;Activo
CLI00131;Juan Ortiz;Esmeraldas;Activo
CLI00132;José Martínez;Riobamba;Activo
CLI00133;Maria Martínez;Guayaquil;Activo
CLI00134;Martha García;Quito;Activo
CLI00135;Guayasamin Pérez;Cuenca;Activo
CLI00136;Denisse Andrade;Ambato;Activo
CLI00137;Denisse Morejon;Machala;Activo
CLI00138;Maria Pérez;Duran;Activo
CLI00139;Maria Ortiz;Tena;Activo
CLI00140;Glenda Pérez;Puyo;Activo
CLI00141;Juan Ruíz;Loja;Activo
CLI00142;Maria Pérez;Manta;Activo
CLI00143;Denisse Arellano;Babahoyo;Activo
CLI00144;Denisse García;Quevedo;Activo
CLI00145;Glenda López;Guayaquil;Activo
CLI00146;Ernesto Morejon;Quito;Activo
CLI00147;Guayasamin Tumbaco;Cuenca;Activo
CLI00148;Glenda Molina;Ambato;Activo
CLI00149;Oswaldo Ruíz;Machala;Activo
CLI00150;Lenin Pérez;Duran;Activo
CLI00151;Carlos Ortiz;Daule;Activo
CLI00152;José Molina;Ibarra;Activo
CLI00153;Maria Morejon;Portoviejo;Activo
CLI00154;Oswaldo Tumbaco;Esmeraldas;Activo
CLI00155;José Martínez;Riobamba;Activo
CLI00156;Glenda Arellano;Guayaquil;Activo
CLI00157;Maria Arellano;Quito;Activo
CLI00158;Glenda Martínez;Cuenca;Activo
CLI00159;Guayasamin Molina;Ambato;Activo
CLI00160;Ernesto Arellano;Machala;Activo
CLI00161;Carlos Martínez;Duran;Activo
CLI00162;Denisse Tumbaco;Daule;Activo
CLI00163;Oswaldo Ortiz;Ibarra;Activo
CLI00164;Oswaldo Martínez;Portoviejo;Activo
CLI00165;Carlos Molina;Esmeraldas;Activo
CLI00166;Martha Ortiz;Riobamba;Activo
CLI00167;Lenin Morejon;Guayaquil;Activo
CLI00168;Ernesto Ortiz;Quito;Activo
CLI00169;Carlos Martínez;Cuenca;Activo
CLI00170;Lenin López;Ambato;Activo
CLI00171;José López;Machala;Activo
CLI00172;Denisse García;Duran;Activo
CLI00173;Juan Ortiz;Daule;Activo
CLI00174;Carlos Tumbaco;Ibarra;Activo
CLI00175;Glenda Andrade;Portoviejo;Activo
CLI00176;Ernesto Pérez;Esmeraldas;Activo
CLI00177;Glenda Ruíz;Riobamba;Activo
CLI00178;Denisse Pérez;Guayaquil;Activo
CLI00179;Denisse Molina;Quito;Activo
CLI00180;Oswaldo Ortiz;Cuenca;Activo
CLI00181;Oswaldo Andrade;Ambato;Activo
CLI00182;Carlos Ortiz;Machala;Activo
CLI00183;Guayasamin Arellano;Duran;Activo
CLI00184;Ernesto Molina;Daule;Activo
CLI00185;Martha Martínez;Ibarra;Activo
CLI00186;Guayasamin Tumbaco;Portoviejo;Activo
CLI00187;Carlos García;Esmeraldas;Activo
CLI00188;José Molina;Riobamba;Activo
CLI00189;Oswaldo Morejon;Guayaquil;Activo
CLI00190;Martha Morejon;Quito;Activo
CLI00191;Carlos Morejon;Cuenca;Activo
CLI00192;Maria López;Ambato;Activo
CLI00193;Martha Morejon;Machala;Activo
CLI00194;Denisse Martínez;Duran;Activo
CLI00195;Carlos Pérez;Daule;Activo
CLI00196;José García;Ibarra;Activo
CLI00197;Glenda Arellano;Portoviejo;Activo
CLI00198;Guayasamin Ortiz;Esmeraldas;Activo
CLI00199;Martha Andrade;Riobamba;Activo
CLI00200;Oswaldo Andrade;Guayaquil;Activo
CLI00201;Ernesto Molina;Quito;Activo
CLI00202;Juan Ruíz;Cuenca;Activo
CLI00203;Juan Arellano;Ambato;Activo
CLI00204;Ernesto Andrade;Machala;Inactivo
CLI00205;Ernesto Andrade;Duran;Activo
CLI00206;Glenda Morejon;Daule;Activo
CLI00207;Oswaldo Ortiz;Ibarra;Activo
CLI00208;Oswaldo Molina;Portoviejo;Activo
CLI00209;Glenda Morejon;Esmeraldas;Activo
CLI00210;Juan García;Riobamba;Activo
CLI00211;Guayasamin Tumbaco;Guayaquil;Activo
CLI00212;Ernesto Andrade;Quito;Activo
CLI00213;Maria Pérez;Cuenca;Activo
CLI00214;Lenin Morejon;Ambato;Activo
CLI00215;Carlos Tumbaco;Machala;Activo
CLI00216;Lenin Molina;Duran;Activo
CLI00217;Ernesto Andrade;Daule;Activo
CLI00218;Juan Martínez;Ibarra;Activo
CLI00219;Lenin Ruíz;Portoviejo;Activo
CLI00220;Lenin Arellano;Esmeraldas;Activo
CLI00221;Juan Martínez;Riobamba;Activo
CLI00222;Glenda Ruíz;Guayaquil;Activo
CLI00223;Guayasamin Pérez;Quito;Activo
CLI00224;Denisse Tumbaco;Cuenca;Activo
CLI00225;Maria Pérez;Ambato;Activo
CLI00226;Oswaldo Ruíz;Machala;Activo
CLI00227;Ernesto Morejon;Duran;Activo
CLI00228;Martha García;Daule;Activo
CLI00229;Oswaldo García;Ibarra;Activo
CLI00230;Guayasamin López;Portoviejo;Activo
CLI00231;Denisse Martínez;Esmeraldas;Activo
CLI00232;Juan Morejon;Riobamba;Activo
CLI00233;Glenda Pérez;Guayaquil;Activo
CLI00234;Maria Arellano;Quito;Activo
CLI00235;Martha García;Cuenca;Activo
CLI00236;Guayasamin García;Ambato;Activo
CLI00237;Guayasamin Martínez;Machala;Activo
CLI00238;Glenda García;Duran;Activo
CLI00239;Guayasamin Ruíz;Daule;Activo
CLI00240;Oswaldo López;Ibarra;Activo
CLI00241;Maria Andrade;Portoviejo;Activo
CLI00242;Oswaldo Morejon;Esmeraldas;Activo
CLI00243;Guayasamin Martínez;Riobamba;Activo
CLI00244;José Andrade;Guayaquil;Activo
CLI00245;Martha Morejon;Quito;Activo
CLI00246;Carlos Ruíz;Cuenca;Activo
CLI00247;Guayasamin Morejon;Ambato;Activo
CLI00248;Martha Tumbaco;Machala;Activo
CLI00249;Ernesto López;Duran;Activo
CLI00250;Martha Andrade;Daule;Activo
CLI00251;Juan Andrade;Ibarra;Activo
CLI00252;Denisse Martínez;Portoviejo;Activo
CLI00253;José Molina;Esmeraldas;Activo
CLI00254;Juan Pérez;Riobamba;Activo
CLI00255;Oswaldo Morejon;Guayaquil;Activo
CLI00256;Maria Martínez;Quito;Activo
CLI00257;Juan García;Cuenca;Activo
CLI00258;Carlos Pérez;Ambato;Activo
CLI00259;Juan Andrade;Machala;Activo
CLI00260;José Pérez;Duran;Activo
CLI00261;Martha López;Daule;Activo
CLI00262;José García;Ibarra;Activo
CLI00263;Martha Ortiz;Portoviejo;Activo
CLI00264;Glenda Tumbaco;Esmeraldas;Activo
CLI00265;Oswaldo Arellano;Riobamba;Activo
CLI00266;Ernesto Andrade;Guayaquil;Activo
CLI00267;Oswaldo Ruíz;Quito;Activo
CLI00268;Guayasamin García;Cuenca;Activo
CLI00269;Lenin Arellano;Ambato;Activo
CLI00270;José Pérez;Machala;Activo
CLI00271;Ernesto Ruíz;Duran;Activo
CLI00272;Ernesto Tumbaco;Daule;Activo
CLI00273;Oswaldo Ruíz;Ibarra;Activo
CLI00274;Denisse Morejon;Portoviejo;Activo
CLI00275;Carlos Pérez;Esmeraldas;Activo
CLI00276;Maria Ruíz;Riobamba;Activo
CLI00277;Lenin Ortiz;Guayaquil;Activo
CLI00278;Lenin Andrade;Quito;Activo
CLI00279;Juan Tumbaco;Cuenca;Activo
CLI00280;Juan Pérez;Ambato;Inactivo
CLI00281;Maria García;Machala;Activo
CLI00282;Glenda Molina;Duran;Activo
CLI00283;Juan Ruíz;Tena;Activo
CLI00284;Ernesto López;Puyo;Activo
CLI00285;Juan Ruíz;Loja;Activo
CLI00286;Oswaldo Ruíz;Manta;Activo
CLI00287;Denisse Ortiz;Babahoyo;Activo
CLI00288;Maria García;Quevedo;Activo
CLI00289;José Pérez;Guayaquil;Activo
CLI00290;Maria Molina;Quito;Activo
CLI00291;Oswaldo López;Cuenca;Activo
CLI00292;Glenda Ortiz;Ambato;Activo
CLI00293;Maria Ruíz;Machala;Activo
CLI00294;Guayasamin García;Duran;Activo
CLI00295;Carlos Molina;Daule;Activo
CLI00296;Juan Arellano;Ibarra;Activo
CLI00297;José García;Portoviejo;Activo
CLI00298;Glenda Arellano;Esmeraldas;Activo
CLI00299;José Tumbaco;Riobamba;Activo
CLI00300;Glenda Molina;Guayaquil;Activo
CLI00301;Carlos Martínez;Quito;Activo
CLI00302;Guayasamin Ortiz;Cuenca;Activo
CLI00303;Oswaldo Molina;Ambato;Activo
CLI00304;José Pérez;Machala;Activo
CLI00305;José Ruíz;Duran;Activo
CLI00306;Maria Ortiz;Daule;Activo
CLI00307;Martha Molina;Ibarra;Activo
CLI00308;Juan López;Portoviejo;Activo
CLI00309;Juan Tumbaco;Esmeraldas;Activo
CLI00310;Guayasamin Ruíz;Riobamba;Activo
CLI00311;José Arellano;Guayaquil;Activo
CLI00312;Denisse García;Quito;Activo
CLI00313;Oswaldo Martínez;Cuenca;Activo
CLI00314;Martha Morejon;Ambato;Activo
CLI00315;José López;Machala;Activo
CLI00316;Juan Ruíz;Duran;Activo
CLI00317;Denisse Martínez;Daule;Activo
CLI00318;José Pérez;Ibarra;Activo
CLI00319;Juan Ortiz;Portoviejo;Activo
CLI00320;Lenin Ortiz;Esmeraldas;Activo
CLI00321;Maria García;Riobamba;Activo
CLI00322;Guayasamin Ortiz;Guayaquil;Activo
CLI00323;José Pérez;Quito;Activo
CLI00324;Oswaldo Ortiz;Cuenca;Activo
CLI00325;Juan Ortiz;Ambato;Activo
CLI00326;Lenin Ortiz;Machala;Activo
CLI00327;Martha Andrade;Duran;Activo
CLI00328;Lenin Arellano;Daule;Activo
CLI00329;Guayasamin Pérez;Ibarra;Activo
CLI00330;Juan Pérez;Portoviejo;Activo
CLI00331;Oswaldo Morejon;Esmeraldas;Activo
CLI00332;José Ortiz;Riobamba;Activo
CLI00333;Carlos Morejon;Guayaquil;Activo
CLI00334;Carlos Ortiz;Quito;Activo
CLI00335;Guayasamin Pérez;Cuenca;Activo
CLI00336;Carlos Andrade;Ambato;Activo
CLI00337;Juan Ortiz;Machala;Activo
CLI00338;Oswaldo Andrade;Duran;Activo
CLI00339;Carlos Ortiz;Daule;Activo
CLI00340;Maria Morejon;Ibarra;Activo
CLI00341;Juan Morejon;Portoviejo;Activo
CLI00342;Denisse Molina;Esmeraldas;Activo
CLI00343;Maria López;Riobamba;Activo
CLI00344;Maria Molina;Guayaquil;Activo
CLI00345;Lenin Andrade;Quito;Activo
CLI00346;Denisse Pérez;Cuenca;Activo
CLI00347;Lenin Ortiz;Ambato;Activo
CLI00348;Lenin Ruíz;Machala;Activo
CLI00349;Denisse Tumbaco;Duran;Activo
CLI00350;Denisse Morejon;Daule;Activo
CLI00351;José Molina;Ibarra;Activo
CLI00352;Martha Martínez;Portoviejo;Activo
CLI00353;Glenda López;Esmeraldas;Activo
CLI00354;Guayasamin Pérez;Riobamba;Activo
CLI00355;Martha Martínez;Guayaquil;Activo
CLI00356;Carlos Arellano;Quito;Activo
CLI00357;Glenda Morejon;Cuenca;Activo
CLI00358;Carlos Morejon;Ambato;Activo
CLI00359;Maria Pérez;Machala;Activo
CLI00360;Maria Andrade;Duran;Activo
CLI00361;Ernesto López;Daule;Activo
CLI00362;Juan Martínez;Ibarra;Activo
CLI00363;Denisse Pérez;Portoviejo;Activo
CLI00364;Oswaldo Morejon;Esmeraldas;Activo
CLI00365;Glenda Tumbaco;Riobamba;Activo
CLI00366;Glenda Martínez;Guayaquil;Activo
CLI00367;Maria Arellano;Quito;Activo
CLI00368;Denisse Molina;Cuenca;Activo
CLI00369;Oswaldo López;Ambato;Activo
CLI00370;Glenda López;Machala;Inactivo
CLI00371;Juan Tumbaco;Duran;Activo
CLI00372;Glenda Arellano;Daule;Activo
CLI00373;Oswaldo García;Ibarra;Activo
CLI00374;Lenin García;Portoviejo;Activo
CLI00375;Guayasamin Molina;Esmeraldas;Activo
CLI00376;Juan Ortiz;Riobamba;Activo
CLI00377;Lenin Andrade;Guayaquil;Activo
CLI00378;José Molina;Quito;Activo
CLI00379;Martha Andrade;Cuenca;Activo
CLI00380;Denisse García;Ambato;Activo
CLI00381;Ernesto Tumbaco;Machala;Activo
CLI00382;Juan Molina;Duran;Activo
CLI00383;Oswaldo Pérez;Daule;Activo
CLI00384;Denisse García;Ibarra;Activo
CLI00385;Juan Morejon;Portoviejo;Activo
CLI00386;Ernesto Tumbaco;Esmeraldas;Activo
CLI00387;Martha Tumbaco;Riobamba;Activo
CLI00388;Lenin Martínez;Guayaquil;Activo
CLI00389;Oswaldo García;Quito;Activo
CLI00390;Oswaldo Ruíz;Cuenca;Activo
CLI00391;Glenda Andrade;Ambato;Activo
CLI00392;Martha Ruíz;Machala;Activo
CLI00393;José Andrade;Duran;Activo
CLI00394;Maria Ortiz;Daule;Activo
CLI00395;Denisse Molina;Ibarra;Activo
CLI00396;Oswaldo Morejon;Portoviejo;Activo
CLI00397;Martha Pérez;Esmeraldas;Activo
CLI00398;Glenda Ruíz;Riobamba;Activo
CLI00399;Guayasamin Tumbaco;Guayaquil;Activo
CLI00400;Ernesto Ortiz;Quito;Activo
CLI00401;Glenda Andrade;Cuenca;Activo
CLI00402;Guayasamin García;Ambato;Activo
CLI00403;Juan Arellano;Machala;Activo
CLI00404;Carlos Ruíz;Duran;Activo
CLI00405;Guayasamin Pérez;Daule;Activo
CLI00406;Denisse Andrade;Ibarra;Activo
CLI00407;Glenda Morejon;Portoviejo;Activo
CLI00408;Denisse Molina;Esmeraldas;Activo
CLI00409;José Molina;Riobamba;Activo
CLI00410;Martha López;Guayaquil;Activo
CLI00411;Juan Andrade;Quito;Activo
CLI00412;Glenda Pérez;Cuenca;Activo
CLI00413;Juan Morejon;Ambato;Activo
CLI00414;Ernesto Tumbaco;Machala;Activo
CLI00415;Oswaldo Ortiz;Duran;Activo
CLI00416;Guayasamin García;Daule;Activo
CLI00417;Glenda Ortiz;Ibarra;Activo
CLI00418;Lenin López;Portoviejo;Activo
CLI00419;José Molina;Esmeraldas;Activo
CLI00420;Glenda Tumbaco;Riobamba;Activo
CLI00421;Maria Martínez;Guayaquil;Activo
CLI00422;Oswaldo García;Quito;Activo
CLI00423;Denisse Morejon;Cuenca;Activo
CLI00424;José Ruíz;Ambato;Activo
CLI00425;Lenin Molina;Machala;Activo
CLI00426;Carlos Morejon;Duran;Activo
CLI00427;Maria Morejon;Tena;Activo
CLI00428;José Martínez;Puyo;Activo
CLI00429;Martha Ortiz;Loja;Activo
CLI00430;Glenda Molina;Manta;Activo
CLI00431;Juan Pérez;Babahoyo;Activo
CLI00432;Maria Ortiz;Quevedo;Activo
CLI00433;Maria Morejon;Guayaquil;Activo
CLI00434;Juan López;Quito;Activo
CLI00435;Oswaldo Ruíz;Cuenca;Activo
CLI00436;Guayasamin García;Ambato;Activo
CLI00437;Ernesto López;Machala;Activo
CLI00438;Denisse Martínez;Duran;Activo
CLI00439;José Andrade;Daule;Activo
CLI00440;Guayasamin Ortiz;Ibarra;Activo
CLI00441;Guayasamin Pérez;Portoviejo;Activo
CLI00442;José Pérez;Esmeraldas;Activo
CLI00443;Lenin Pérez;Riobamba;Activo
CLI00444;Denisse Ortiz;Guayaquil;Activo
CLI00445;Denisse Morejon;Quito;Activo
CLI00446;Ernesto Arellano;Cuenca;Activo
CLI00447;Juan López;Ambato;Activo
CLI00448;Glenda García;Machala;Activo
CLI00449;Oswaldo Pérez;Duran;Activo
CLI00450;Lenin Molina;Daule;Activo
CLI00451;Juan García;Ibarra;Activo
CLI00452;Maria López;Portoviejo;Activo
CLI00453;Juan López;Esmeraldas;Activo
CLI00454;Martha García;Riobamba;Activo
CLI00455;Guayasamin García;Guayaquil;Activo
CLI00456;Oswaldo Ortiz;Quito;Activo
CLI00457;Oswaldo García;Cuenca;Activo
CLI00458;Juan Martínez;Ambato;Activo
CLI00459;Glenda López;Machala;Activo
CLI00460;Maria Ruíz;Duran;Activo
CLI00461;Juan Ruíz;Daule;Activo
CLI00462;Carlos Pérez;Ibarra;Activo
CLI00463;Oswaldo Pérez;Portoviejo;Inactivo
CLI00464;Maria Morejon;Esmeraldas;Activo
CLI00465;Glenda Martínez;Riobamba;Activo
CLI00466;José López;Guayaquil;Activo
CLI00467;Juan Arellano;Quito;Activo
CLI00468;Denisse Tumbaco;Cuenca;Activo
CLI00469;Lenin Arellano;Ambato;Activo
CLI00470;Ernesto Arellano;Machala;Activo
CLI00471;Oswaldo Ortiz;Duran;Activo
CLI00472;Lenin Pérez;Daule;Activo
CLI00473;Carlos Ortiz;Ibarra;Activo
CLI00474;José García;Portoviejo;Activo
CLI00475;Ernesto Ruíz;Esmeraldas;Activo
CLI00476;Guayasamin Tumbaco;Riobamba;Activo
CLI00477;Lenin Ruíz;Guayaquil;Activo
CLI00478;Oswaldo Molina;Quito;Activo
CLI00479;Lenin Arellano;Cuenca;Activo
CLI00480;Martha García;Ambato;Activo
CLI00481;Guayasamin Pérez;Machala;Activo
CLI00482;Lenin Molina;Duran;Activo
CLI00483;Juan Molina;Daule;Activo
CLI00484;Juan Andrade;Ibarra;Activo
CLI00485;Denisse Ruíz;Portoviejo;Activo
CLI00486;José Molina;Esmeraldas;Activo
CLI00487;Carlos Ortiz;Riobamba;Activo
CLI00488;Glenda Ortiz;Guayaquil;Activo
CLI00489;Juan Pérez;Quito;Activo
CLI00490;Glenda Martínez;Cuenca;Activo
CLI00491;José Ortiz;Ambato;Activo
CLI00492;Lenin Morejon;Machala;Activo
CLI00493;José Arellano;Duran;Activo
CLI00494;Oswaldo Morejon;Daule;Activo
CLI00495;Juan Arellano;Ibarra;Activo
CLI00496;Maria Pérez;Portoviejo;Activo
CLI00497;José López;Esmeraldas;Activo
CLI00498;Denisse Ortiz;Riobamba;Activo
CLI00499;Maria Tumbaco;Guayaquil;Activo
CLI00500;Maria Ruíz;Quito;Activo
CLI00501;Oswaldo López;Cuenca;Activo
CLI00502;Maria Ortiz;Ambato;Activo
CLI00503;Glenda Ruíz;Machala;Activo
CLI00504;Denisse López;Duran;Activo
CLI00505;Ernesto Molina;Daule;Activo
CLI00506;Ernesto Morejon;Ibarra;Activo
CLI00507;Guayasamin Arellano;Portoviejo;Activo
CLI00508;Denisse Tumbaco;Esmeraldas;Activo
CLI00509;Juan Tumbaco;Riobamba;Activo
CLI00510;Ernesto López;Guayaquil;Activo
CLI00511;Oswaldo López;Quito;Activo
CLI00512;Glenda Arellano;Cuenca;Activo
CLI00513;Glenda Arellano;Ambato;Activo
CLI00514;Oswaldo Tumbaco;Machala;Activo
CLI00515;Maria Molina;Duran;Activo
CLI00516;Oswaldo Ortiz;Daule;Activo
CLI00517;Lenin Arellano;Ibarra;Activo
CLI00518;Carlos Tumbaco;Portoviejo;Activo
CLI00519;José García;Esmeraldas;Activo
CLI00520;Oswaldo García;Riobamba;Activo
CLI00521;Maria Molina;Guayaquil;Activo
CLI00522;Denisse López;Quito;Activo
CLI00523;Glenda Arellano;Cuenca;Activo
CLI00524;Carlos Pérez;Ambato;Activo
CLI00525;José Andrade;Machala;Activo
CLI00526;Guayasamin Molina;Duran;Activo
CLI00527;Lenin López;Daule;Activo
CLI00528;José Pérez;Ibarra;Activo
CLI00529;Maria García;Portoviejo;Activo
CLI00530;Lenin López;Esmeraldas;Activo
CLI00531;Juan Ruíz;Riobamba;Activo
CLI00532;Ernesto Ruíz;Guayaquil;Activo
CLI00533;Juan Arellano;Quito;Activo
CLI00534;Ernesto Morejon;Cuenca;Activo
CLI00535;Denisse Martínez;Ambato;Activo
CLI00536;Denisse Tumbaco;Machala;Activo
CLI00537;Guayasamin Pérez;Duran;Activo
CLI00538;Carlos Morejon;Daule;Activo
CLI00539;Denisse López;Ibarra;Activo
CLI00540;Juan García;Portoviejo;Activo
CLI00541;Martha García;Esmeraldas;Activo
CLI00542;Denisse Ortiz;Riobamba;Activo
CLI00543;Guayasamin Arellano;Guayaquil;Activo
CLI00544;Carlos Pérez;Quito;Activo
CLI00545;Glenda García;Cuenca;Activo
CLI00546;Ernesto Molina;Ambato;Activo
CLI00547;Ernesto Molina;Machala;Activo
CLI00548;Maria Arellano;Duran;Activo
CLI00549;José Andrade;Daule;Activo
CLI00550;Denisse Ruíz;Ibarra;Activo
CLI00551;Lenin García;Portoviejo;Activo
CLI00552;Maria Andrade;Esmeraldas;Activo
CLI00553;Guayasamin Ruíz;Riobamba;Activo
CLI00554;Martha Morejon;Guayaquil;Activo
CLI00555;Lenin Molina;Quito;Activo
CLI00556;Ernesto Tumbaco;Cuenca;Activo
CLI00557;Martha Arellano;Ambato;Activo
CLI00558;Ernesto Ortiz;Machala;Activo
CLI00559;Martha Morejon;Duran;Activo
CLI00560;Martha Martínez;Daule;Activo
CLI00561;Maria López;Ibarra;Activo
CLI00562;Lenin Tumbaco;Portoviejo;Activo
CLI00563;Carlos Martínez;Esmeraldas;Activo
CLI00564;José Ruíz;Riobamba;Activo
CLI00565;Oswaldo Tumbaco;Guayaquil;Activo
CLI00566;Oswaldo Morejon;Quito;Activo
CLI00567;Oswaldo Tumbaco;Cuenca;Activo
CLI00568;Glenda García;Ambato;Activo
CLI00569;Lenin Martínez;Machala;Activo
CLI00570;Ernesto Molina;Duran;Activo
CLI00571;Oswaldo Arellano;Tena;Activo
CLI00572;Glenda López;Puyo;Activo
CLI00573;Maria López;Loja;Activo
CLI00574;Guayasamin López;Manta;Activo
CLI00575;Ernesto Morejon;Babahoyo;Activo
CLI00576;Denisse Ortiz;Quevedo;Activo
CLI00577;Ernesto López;Guayaquil;Activo
CLI00578;Martha López;Quito;Activo
CLI00579;Martha López;Cuenca;Activo
CLI00580;José Pérez;Ambato;Activo
CLI00581;Guayasamin Arellano;Machala;Activo
CLI00582;Ernesto Morejon;Duran;Activo
CLI00583;Oswaldo Ortiz;Daule;Activo
CLI00584;Denisse Morejon;Ibarra;Activo
CLI00585;Martha López;Portoviejo;Activo
CLI00586;Juan Martínez;Esmeraldas;Activo
CLI00587;Ernesto Morejon;Riobamba;Activo
CLI00588;Denisse Ruíz;Guayaquil;Activo
CLI00589;Denisse Molina;Quito;Activo
CLI00590;Lenin Arellano;Cuenca;Activo
CLI00591;José Andrade;Ambato;Activo
CLI00592;Denisse Ruíz;Machala;Activo
CLI00593;José Martínez;Duran;Activo
CLI00594;Maria Tumbaco;Daule;Activo
CLI00595;Ernesto López;Ibarra;Activo
CLI00596;Lenin Ruíz;Portoviejo;Activo
CLI00597;Martha Martínez;Esmeraldas;Activo
CLI00598;Glenda Pérez;Riobamba;Activo
CLI00599;Ernesto Ortiz;Guayaquil;Activo
CLI00600;Denisse Andrade;Quito;Activo
CLI00601;Carlos Molina;Cuenca;Activo
CLI00602;Maria Arellano;Ambato;Activo
CLI00603;Martha Ruíz;Machala;Activo
CLI00604;José Molina;Duran;Activo
CLI00605;Carlos García;Daule;Activo
CLI00606;Oswaldo García;Ibarra;Activo
CLI00607;Glenda Molina;Portoviejo;Activo
CLI00608;Martha Ortiz;Esmeraldas;Activo
CLI00609;José Molina;Riobamba;Activo
CLI00610;Juan López;Guayaquil;Activo
CLI00611;Martha Pérez;Quito;Activo
CLI00612;Ernesto López;Cuenca;Activo
CLI00613;Lenin Andrade;Ambato;Activo
CLI00614;Denisse Morejon;Machala;Activo
CLI00615;Ernesto Tumbaco;Duran;Inactivo
CLI00616;Martha Ruíz;Daule;Activo
CLI00617;Glenda Andrade;Ibarra;Activo
CLI00618;Oswaldo Ortiz;Portoviejo;Activo
CLI00619;Guayasamin Ruíz;Esmeraldas;Activo
CLI00620;José Tumbaco;Riobamba;Activo
CLI00621;Guayasamin Ortiz;Guayaquil;Activo
CLI00622;Guayasamin Arellano;Quito;Activo
CLI00623;Glenda Martínez;Cuenca;Activo
CLI00624;Denisse Molina;Ambato;Activo
CLI00625;Guayasamin García;Machala;Activo
CLI00626;Carlos Martínez;Duran;Activo
CLI00627;Juan Pérez;Daule;Activo
CLI00628;José Molina;Ibarra;Activo
CLI00629;José Ortiz;Portoviejo;Activo
CLI00630;Ernesto Tumbaco;Esmeraldas;Activo
CLI00631;Oswaldo Pérez;Riobamba;Activo
CLI00632;Ernesto Martínez;Guayaquil;Activo
CLI00633;Lenin Ortiz;Quito;Activo
CLI00634;Carlos Molina;Cuenca;Activo
CLI00635;Maria Ortiz;Ambato;Activo
CLI00636;Oswaldo Pérez;Machala;Activo
CLI00637;José Tumbaco;Duran;Activo
CLI00638;Glenda Ortiz;Daule;Activo
CLI00639;Guayasamin García;Ibarra;Activo
CLI00640;Martha Molina;Portoviejo;Activo
CLI00641;José Molina;Esmeraldas;Activo
CLI00642;Ernesto Molina;Riobamba;Activo
CLI00643;Glenda Andrade;Guayaquil;Activo
CLI00644;Denisse Martínez;Quito;Activo
CLI00645;Denisse Molina;Cuenca;Activo
CLI00646;Carlos López;Ambato;Activo
CLI00647;Maria Arellano;Machala;Activo
CLI00648;Guayasamin Ruíz;Duran;Activo
CLI00649;Maria Molina;Daule;Activo
CLI00650;Denisse García;Ibarra;Activo
CLI00651;Juan García;Portoviejo;Activo
CLI00652;Denisse López;Esmeraldas;Activo
CLI00653;Oswaldo Morejon;Riobamba;Activo
CLI00654;Maria Andrade;Guayaquil;Activo
CLI00655;Maria Arellano;Quito;Activo
CLI00656;Glenda Molina;Cuenca;Activo
CLI00657;Guayasamin Martínez;Ambato;Activo
CLI00658;Juan Andrade;Machala;Activo
CLI00659;Juan García;Duran;Activo
CLI00660;Oswaldo Ruíz;Daule;Activo
CLI00661;Carlos Martínez;Ibarra;Activo
CLI00662;Glenda Molina;Portoviejo;Activo
CLI00663;Martha Ruíz;Esmeraldas;Activo
CLI00664;Guayasamin Molina;Riobamba;Activo
CLI00665;José Andrade;Guayaquil;Activo
CLI00666;José Martínez;Quito;Activo
CLI00667;Lenin Pérez;Cuenca;Activo
CLI00668;Lenin Arellano;Ambato;Activo
CLI00669;Lenin Ortiz;Machala;Activo
CLI00670;Martha Arellano;Duran;Activo
CLI00671;Lenin Martínez;Daule;Activo
CLI00672;Lenin Arellano;Ibarra;Activo
CLI00673;Glenda Andrade;Portoviejo;Activo
CLI00674;Guayasamin Pérez;Esmeraldas;Activo
CLI00675;Ernesto Andrade;Riobamba;Activo
CLI00676;Martha García;Guayaquil;Activo
CLI00677;Oswaldo Martínez;Quito;Activo
CLI00678;Martha Arellano;Cuenca;Activo
CLI00679;Denisse Arellano;Ambato;Activo
CLI00680;Glenda Arellano;Machala;Activo
CLI00681;Maria García;Duran;Activo
CLI00682;Lenin Ortiz;Daule;Activo
CLI00683;Martha López;Ibarra;Activo
CLI00684;Lenin Ruíz;Portoviejo;Inactivo
CLI00685;Guayasamin Arellano;Esmeraldas;Activo
CLI00686;Martha Andrade;Riobamba;Activo
CLI00687;Carlos Ortiz;Guayaquil;Activo
CLI00688;Glenda Tumbaco;Quito;Activo
CLI00689;Martha Molina;Cuenca;Activo
CLI00690;Glenda Martínez;Ambato;Activo
CLI00691;Lenin Pérez;Machala;Activo
CLI00692;Carlos Ruíz;Duran;Activo
CLI00693;Juan Martínez;Daule;Activo
CLI00694;Juan Arellano;Ibarra;Activo
CLI00695;Juan Morejon;Portoviejo;Activo
CLI00696;José Arellano;Esmeraldas;Activo
CLI00697;Martha Molina;Riobamba;Activo
CLI00698;José Andrade;Guayaquil;Activo
CLI00699;Juan Ortiz;Quito;Activo
CLI00700;Martha Tumbaco;Cuenca;Activo
CLI00701;José Arellano;Ambato;Activo
CLI00702;Carlos Arellano;Machala;Activo
CLI00703;José Tumbaco;Duran;Activo
CLI00704;Lenin Martínez;Daule;Activo
CLI00705;Ernesto Andrade;Ibarra;Activo
CLI00706;Maria Andrade;Portoviejo;Activo
CLI00707;Denisse Morejon;Esmeraldas;Activo
CLI00708;Guayasamin Ruíz;Riobamba;Activo
CLI00709;José López;Guayaquil;Activo
CLI00710;Oswaldo Tumbaco;Quito;Activo
CLI00711;Ernesto García;Cuenca;Activo
CLI00712;Ernesto Pérez;Ambato;Activo
CLI00713;José Molina;Machala;Activo
CLI00714;Maria Molina;Duran;Activo
CLI00715;Ernesto Ruíz;Tena;Activo
CLI00716;Guayasamin Pérez;Puyo;Activo
CLI00717;Glenda Ruíz;Loja;Activo
CLI00718;Guayasamin López;Manta;Activo
CLI00719;Martha Morejon;Babahoyo;Activo
CLI00720;José García;Quevedo;Activo
CLI00721;Glenda Ruíz;Guayaquil;Activo
CLI00722;Maria García;Quito;Activo
CLI00723;Guayasamin Arellano;Cuenca;Activo
CLI00724;Martha Pérez;Ambato;Activo
CLI00725;Maria Arellano;Machala;Activo
CLI00726;Oswaldo Arellano;Duran;Activo
CLI00727;Glenda Martínez;Daule;Activo
CLI00728;Maria Arellano;Ibarra;Activo
CLI00729;Carlos Ruíz;Portoviejo;Activo
CLI00730;Carlos Martínez;Esmeraldas;Activo
CLI00731;Glenda Andrade;Riobamba;Activo
CLI00732;Carlos López;Guayaquil;Activo
CLI00733;Denisse Tumbaco;Quito;Activo
CLI00734;Ernesto Pérez;Cuenca;Activo
CLI00735;Martha López;Ambato;Activo
CLI00736;Ernesto Morejon;Machala;Activo
CLI00737;Lenin Ortiz;Duran;Activo
CLI00738;Martha Andrade;Daule;Activo
CLI00739;Guayasamin Andrade;Ibarra;Activo
CLI00740;José Ruíz;Portoviejo;Activo
CLI00741;Maria Ruíz;Esmeraldas;Activo
CLI00742;Juan López;Riobamba;Activo
CLI00743;Glenda Pérez;Guayaquil;Activo
CLI00744;Ernesto Andrade;Quito;Activo
CLI00745;Carlos García;Cuenca;Activo
CLI00746;Martha Tumbaco;Ambato;Activo
CLI00747;Glenda Molina;Machala;Activo
CLI00748;Martha López;Duran;Activo
CLI00749;Guayasamin Arellano;Daule;Activo
CLI00750;Juan Arellano;Ibarra;Activo
CLI00751;Guayasamin Andrade;Portoviejo;Activo
CLI00752;José Molina;Esmeraldas;Activo
CLI00753;Juan Pérez;Riobamba;Activo
CLI00754;Ernesto Andrade;Guayaquil;Activo
CLI00755;Oswaldo Ortiz;Quito;Activo
CLI00756;Glenda Arellano;Cuenca;Activo
CLI00757;Guayasamin Pérez;Ambato;Activo
CLI00758;Glenda Ruíz;Machala;Activo
CLI00759;Maria Ruíz;Duran;Activo
CLI00760;Lenin Ruíz;Daule;Activo
CLI00761;Denisse Ortiz;Ibarra;Activo
CLI00762;José Andrade;Portoviejo;Activo
CLI00763;Martha García;Esmeraldas;Activo
CLI00764;Juan Pérez;Riobamba;Activo
CLI00765;Ernesto Ruíz;Guayaquil;Activo
CLI00766;Carlos Ruíz;Quito;Activo
CLI00767;Oswaldo Molina;Cuenca;Activo
CLI00768;Oswaldo Ruíz;Ambato;Activo
CLI00769;Maria Andrade;Machala;Activo
CLI00770;Glenda Pérez;Duran;Activo
CLI00771;Guayasamin Ortiz;Daule;Activo
CLI00772;Guayasamin López;Ibarra;Activo
CLI00773;José Ortiz;Portoviejo;Activo
CLI00774;Carlos Morejon;Esmeraldas;Activo
CLI00775;Maria Arellano;Riobamba;Activo
CLI00776;Ernesto Pérez;Guayaquil;Activo
CLI00777;Glenda Tumbaco;Quito;Activo
CLI00778;Denisse Arellano;Cuenca;Activo
CLI00779;Juan Pérez;Ambato;Activo
CLI00780;Maria Andrade;Machala;Activo
CLI00781;José García;Duran;Activo
CLI00782;Oswaldo Andrade;Daule;Activo
CLI00783;Denisse Ruíz;Ibarra;Activo
CLI00784;Martha Ortiz;Portoviejo;Activo
CLI00785;Juan Tumbaco;Esmeraldas;Activo
CLI00786;Lenin Martínez;Riobamba;Activo
CLI00787;Carlos García;Guayaquil;Activo
CLI00788;Maria López;Quito;Activo
CLI00789;Martha Ruíz;Cuenca;Activo
CLI00790;Guayasamin Morejon;Ambato;Activo
CLI00791;Juan Molina;Machala;Activo
CLI00792;Martha Molina;Duran;Activo
CLI00793;Juan Andrade;Daule;Activo
CLI00794;Lenin Morejon;Ibarra;Activo
CLI00795;José Martínez;Portoviejo;Activo
CLI00796;José Pérez;Esmeraldas;Activo
CLI00797;Ernesto Molina;Riobamba;Activo
CLI00798;Oswaldo Tumbaco;Guayaquil;Activo
CLI00799;Carlos Pérez;Quito;Activo
CLI00800;Guayasamin Arellano;Cuenca;Activo
CLI00801;Oswaldo Morejon;Ambato;Activo
CLI00802;José Ruíz;Machala;Activo
CLI00803;Maria Morejon;Duran;Activo
CLI00804;Maria Andrade;Daule;Activo
CLI00805;Guayasamin García;Ibarra;Activo
CLI00806;Oswaldo Morejon;Portoviejo;Activo
CLI00807;Lenin Tumbaco;Esmeraldas;Activo
CLI00808;Maria García;Riobamba;Activo
CLI00809;Glenda Pérez;Guayaquil;Activo
CLI00810;Martha Morejon;Quito;Activo
CLI00811;Glenda Morejon;Cuenca;Activo
CLI00812;José Ruíz;Ambato;Activo
CLI00813;José Martínez;Machala;Activo
CLI00814;Ernesto Arellano;Duran;Activo
CLI00815;Juan Ruíz;Daule;Activo
CLI00816;Glenda Ruíz;Ibarra;Activo
CLI00817;Oswaldo Martínez;Portoviejo;Activo
CLI00818;Juan Tumbaco;Esmeraldas;Activo
CLI00819;Carlos Martínez;Riobamba;Activo
CLI00820;José Ortiz;Guayaquil;Activo
CLI00821;Guayasamin Andrade;Quito;Activo
CLI00822;Juan Martínez;Cuenca;Activo
CLI00823;Maria Ortiz;Ambato;Activo
CLI00824;Denisse Arellano;Machala;Activo
CLI00825;Juan Arellano;Duran;Activo
CLI00826;Lenin Morejon;Daule;Activo
CLI00827;Glenda Pérez;Ibarra;Activo
CLI00828;Glenda Tumbaco;Portoviejo;Activo
CLI00829;Maria Ortiz;Esmeraldas;Activo
CLI00830;Maria Pérez;Riobamba;Activo
CLI00831;Ernesto García;Guayaquil;Activo
CLI00832;Ernesto García;Quito;Activo
CLI00833;Martha Tumbaco;Cuenca;Activo
CLI00834;Denisse López;Ambato;Activo
CLI00835;Lenin López;Machala;Inactivo
CLI00836;Maria García;Duran;Activo
CLI00837;Ernesto Morejon;Daule;Activo
CLI00838;Carlos Molina;Ibarra;Activo
CLI00839;Guayasamin Molina;Portoviejo;Activo
CLI00840;Juan Martínez;Esmeraldas;Activo
CLI00841;Carlos Pérez;Riobamba;Activo
CLI00842;Carlos Molina;Guayaquil;Activo
CLI00843;Lenin Pérez;Quito;Activo
CLI00844;Martha Ortiz;Cuenca;Activo
CLI00845;Ernesto Andrade;Ambato;Activo
CLI00846;Guayasamin Tumbaco;Machala;Activo
CLI00847;José Molina;Duran;Activo
CLI00848;Martha López;Daule;Activo
CLI00849;Carlos Arellano;Ibarra;Activo
CLI00850;Maria Tumbaco;Portoviejo;Activo
CLI00851;Denisse Arellano;Esmeraldas;Activo
CLI00852;Oswaldo Molina;Riobamba;Activo
CLI00853;Lenin Ruíz;Guayaquil;Activo
CLI00854;Glenda García;Quito;Activo
CLI00855;Denisse García;Cuenca;Activo
CLI00856;Lenin Ortiz;Ambato;Activo
CLI00857;Martha Tumbaco;Machala;Activo
CLI00858;Martha Ruíz;Duran;Activo
CLI00859;José Pérez;Tena;Activo
CLI00860;Maria López;Puyo;Activo
CLI00861;Oswaldo García;Loja;Activo
CLI00862;Carlos López;Manta;Activo
CLI00863;Ernesto Pérez;Babahoyo;Activo
CLI00864;Maria Arellano;Quevedo;Activo
CLI00865;Denisse Molina;Guayaquil;Activo
CLI00866;José Ruíz;Quito;Activo
CLI00867;Ernesto Ortiz;Cuenca;Activo
CLI00868;Carlos Ortiz;Ambato;Activo
CLI00869;Glenda López;Machala;Activo
CLI00870;Juan Arellano;Duran;Activo
CLI00871;Martha Ortiz;Daule;Activo
CLI00872;Carlos Tumbaco;Ibarra;Activo
CLI00873;José Ruíz;Portoviejo;Activo
CLI00874;Martha Molina;Esmeraldas;Activo
CLI00875;Martha Tumbaco;Riobamba;Activo
CLI00876;Martha López;Guayaquil;Activo
CLI00877;Oswaldo Ortiz;Quito;Activo
CLI00878;Oswaldo Arellano;Cuenca;Activo
CLI00879;Oswaldo López;Ambato;Activo
CLI00880;Ernesto García;Machala;Activo
CLI00881;José Molina;Duran;Activo
CLI00882;Guayasamin Martínez;Daule;Activo
CLI00883;Ernesto Arellano;Ibarra;Activo
CLI00884;Martha Arellano;Portoviejo;Activo
CLI00885;Martha Tumbaco;Esmeraldas;Activo
CLI00886;Martha Andrade;Riobamba;Activo
CLI00887;Martha Tumbaco;Guayaquil;Activo
CLI00888;Denisse Molina;Quito;Activo
CLI00889;Glenda Ruíz;Cuenca;Activo
CLI00890;Denisse Ruíz;Ambato;Activo
CLI00891;Lenin Arellano;Machala;Activo
CLI00892;Maria Martínez;Duran;Activo
CLI00893;Carlos Andrade;Daule;Activo
CLI00894;Martha Ortiz;Ibarra;Activo
CLI00895;José Ortiz;Portoviejo;Activo
CLI00896;Ernesto Ruíz;Esmeraldas;Activo
CLI00897;Carlos Pérez;Riobamba;Activo
CLI00898;Carlos Molina;Guayaquil;Activo
CLI00899;José Ortiz;Quito;Activo
CLI00900;Guayasamin Tumbaco;Cuenca;Activo
CLI00901;Lenin Martínez;Ambato;Activo
CLI00902;Denisse López;Machala;Activo
CLI00903;Carlos Ortiz;Duran;Activo
CLI00904;Ernesto Molina;Daule;Activo
CLI00905;Maria Martínez;Ibarra;Activo
CLI00906;Carlos García;Portoviejo;Activo
CLI00907;Oswaldo Arellano;Esmeraldas;Activo
CLI00908;Glenda Molina;Riobamba;Activo
CLI00909;José Ortiz;Guayaquil;Activo
CLI00910;Oswaldo Martínez;Quito;Activo
CLI00911;Guayasamin Ruíz;Cuenca;Activo
CLI00912;Glenda Morejon;Ambato;Activo
CLI00913;Carlos Andrade;Machala;Activo
CLI00914;Ernesto López;Duran;Activo
CLI00915;Juan Pérez;Daule;Activo
CLI00916;Denisse Pérez;Ibarra;Activo
CLI00917;Guayasamin Morejon;Portoviejo;Activo
CLI00918;Martha Tumbaco;Esmeraldas;Activo
CLI00919;Lenin Pérez;Riobamba;Activo
CLI00920;Guayasamin Ortiz;Guayaquil;Activo
CLI00921;Oswaldo Ruíz;Quito;Activo
CLI00922;Juan Pérez;Cuenca;Activo
CLI00923;Guayasamin Andrade;Ambato;Activo
CLI00924;Martha Martínez;Machala;Activo
CLI00925;Maria García;Duran;Activo
CLI00926;Carlos Tumbaco;Daule;Activo
CLI00927;Oswaldo Ortiz;Ibarra;Activo
CLI00928;Oswaldo García;Portoviejo;Activo
CLI00929;Oswaldo Ortiz;Esmeraldas;Activo
CLI00930;Oswaldo Pérez;Riobamba;Activo
CLI00931;Maria Arellano;Guayaquil;Activo
CLI00932;Juan García;Quito;Activo
CLI00933;José Andrade;Cuenca;Activo
CLI00934;Glenda Andrade;Ambato;Activo
CLI00935;Maria Molina;Machala;Activo
CLI00936;Lenin López;Duran;Activo
CLI00937;Martha Arellano;Daule;Activo
CLI00938;Guayasamin García;Ibarra;Activo
CLI00939;Guayasamin Molina;Portoviejo;Activo
CLI00940;Ernesto Pérez;Esmeraldas;Activo
CLI00941;Glenda Pérez;Riobamba;Activo
CLI00942;Lenin Arellano;Guayaquil;Activo
CLI00943;Oswaldo Molina;Quito;Activo
CLI00944;Lenin García;Cuenca;Activo
CLI00945;Carlos Molina;Ambato;Activo
CLI00946;Guayasamin Ortiz;Machala;Activo
CLI00947;Glenda Tumbaco;Duran;Activo
CLI00948;Oswaldo Molina;Daule;Activo
CLI00949;Ernesto Morejon;Ibarra;Activo
CLI00950;Glenda Morejon;Portoviejo;Activo
CLI00951;Carlos Arellano;Esmeraldas;Activo
CLI00952;Denisse Morejon;Riobamba;Activo
CLI00953;Maria Andrade;Guayaquil;Activo
CLI00954;Denisse López;Quito;Activo
CLI00955;Glenda López;Cuenca;Activo
CLI00956;Ernesto Ruíz;Ambato;Activo
CLI00957;Lenin Ruíz;Machala;Activo
CLI00958;Oswaldo Tumbaco;Duran;Activo
CLI00959;Carlos Morejon;Daule;Activo
CLI00960;Oswaldo Ortiz;Ibarra;Activo
CLI00961;Glenda Ruíz;Portoviejo;Activo
CLI00962;José Ruíz;Esmeraldas;Activo
CLI00963;Maria Arellano;Riobamba;Activo
CLI00964;Denisse Morejon;Guayaquil;Activo
CLI00965;Martha García;Quito;Activo
CLI00966;Carlos García;Cuenca;Activo
CLI00967;Juan Ruíz;Ambato;Activo
CLI00968;Ernesto Pérez;Machala;Activo
CLI00969;Maria Morejon;Duran;Activo
CLI00970;Glenda Morejon;Daule;Activo
CLI00971;Carlos Molina;Ibarra;Activo
CLI00972;Ernesto Martínez;Portoviejo;Activo
CLI00973;José Arellano;Esmeraldas;Activo
CLI00974;Martha Ortiz;Riobamba;Activo
CLI00975;Oswaldo Molina;Guayaquil;Activo
CLI00976;José López;Quito;Activo
CLI00977;Juan López;Cuenca;Activo
CLI00978;Martha Tumbaco;Ambato;Activo
CLI00979;José Andrade;Machala;Activo
CLI00980;Juan Morejon;Duran;Activo
CLI00981;José Ruíz;Daule;Activo
CLI00982;Juan Morejon;Ibarra;Activo
CLI00983;Maria Molina;Portoviejo;Activo
CLI00984;Oswaldo Martínez;Esmeraldas;Activo
CLI00985;Carlos Tumbaco;Riobamba;Activo
CLI00986;Glenda Ruíz;Guayaquil;Activo
CLI00987;Denisse Martínez;Quito;Activo
CLI00988;Carlos Ortiz;Cuenca;Activo
CLI00989;Lenin García;Ambato;Activo
CLI00990;Juan Morejon;Machala;Activo
CLI00991;José Andrade;Duran;Activo
CLI00992;Maria Molina;Daule;Activo
CLI00993;Carlos Pérez;Ibarra;Activo
CLI00994;Oswaldo García;Portoviejo;Activo
CLI00995;Lenin Tumbaco;Esmeraldas;Activo
CLI00996;Martha López;Riobamba;Activo
CLI00997;Ernesto Molina;Guayaquil;Activo
CLI00998;Lenin Martínez;Quito;Activo
CLI00999;Guayasamin Molina;Cuenca;Activo
CLI01000;Oswaldo Molina;Ambato;Activo
CLI01001;;;Activo
CLI01002;;;Activo
CLI01003;;;Activo
CLI01004;;;Activo
CLI01005;;;Activo
CLI01006;;;Activo
CLI01007;;;Activo
CLI01008;;;Activo
CLI01009;;;Activo
CLI01010;;;Activo
CLI01011;Denisse Molina;Cuenca;Activo
CLI01012;Oswaldo García;Ambato;Activo
CLI01013;Ernesto García;Machala;Activo
CLI01014;Maria Ortiz;Duran;Activo
CLI01015;Glenda Morejon;Duran;Activo
CLI01016;Carlos Arellano;Daule;Activo
CLI01017;Denisse Morejon;Ibarra;Activo
CLI01018;Maria Andrade;Portoviejo;Activo
CLI01019;Denisse López;Esmeraldas;Activo
CLI01020;Glenda López;Riobamba;Activo
CLI01021;Ernesto Ruíz;Guayaquil;Activo
CLI01022;Lenin Ruíz;Quito;Activo
CLI01023;Oswaldo Tumbaco;Cuenca;Activo
CLI01024;Carlos Morejon;Ambato;Activo
CLI01025;Oswaldo Ortiz;Machala;Activo
CLI01026;Glenda Ruíz;Duran;Activo
CLI01027;José Ruíz;Daule;Activo
CLI01028;Maria Arellano;Ibarra;Activo
CLI01029;Denisse Morejon;Portoviejo;Activo
CLI01030;Martha García;Esmeraldas;Activo
CLI01031;Carlos García;Riobamba;Activo
CLI01032;Juan Ruíz;Guayaquil;Activo
CLI01033;Ernesto Pérez;Quito;Activo
CLI01034;Maria Morejon;Cuenca;Activo
CLI01035;Glenda Morejon;Ambato;Activo
CLI01036;Carlos Molina;Machala;Activo
CLI01037;Ernesto Martínez;Duran;Activo
CLI01038;José Arellano;Daule;Activo
CLI01039;Martha Ortiz;Ibarra;Activo
CLI01040;Oswaldo Molina;Portoviejo;Activo
CLI01041;José López;Esmeraldas;Activo
CLI01042;Juan López;Riobamba;Activo
CLI01043;Martha Tumbaco;Guayaquil;Activo
CLI01044;José Andrade;Quito;Activo
CLI01045;Juan Morejon;Cuenca;Activo
CLI01046;José Ruíz;Ambato;Activo
CLI01047;Juan Morejon;Machala;Activo
CLI01048;Maria Molina;Duran;Activo
CLI01049;Oswaldo Martínez;Daule;Activo
CLI01050;Carlos Tumbaco;Ibarra;Activo
CLI01051;Glenda Ruíz;Portoviejo;Activo
CLI01052;Denisse Martínez;;Activo
CLI01053;Carlos Ortiz;;Activo
CLI01054;Lenin García;;Activo
CLI01055;Juan Morejon;;Activo
CLI01056;José Andrade;;Activo
CLI01057;Maria Molina;;Activo
CLI01058;Carlos Pérez;;Activo
CLI01059;Oswaldo García;;Activo
CLI01060;Lenin Tumbaco;;Activo
CLI01061;Martha López;;Activo
CLI01062;Ernesto Molina;;Activo
CLI01063;Lenin Martínez;;Activo
CLI01064;Guayasamin Molina;;Activo
CLI01065;Oswaldo Molina;;Activo
