ClienteId;TipoTransaccion;Monto
CLI00155;Pago Claro;1205
CLI00710;Pago Cnt;494
CLI00922;Pago TC;2592
CLI00050;Pago Interagua;4994
CLI00682;Retiro;2912
CLI00357;Avance Efectivo;178
CLI00515;Pago TC;1404
CLI00816;Pago Cnel;4272
CLI00993;Pago Cnt;1511
CLI00710;Pago Interagua;3686
CLI00240;Pago Cnt;2469
CLI00142;Pago TC;781
CLI00862;Transferencia Directa;3487
CLI00507;Pago Claro;4618
CLI00093;Pago Yanbal;166
CLI00793;Transferencia SPI;1027
CLI00546;Transferencia SPI;1119
CLI00231;Transferencia SPI;741
CLI00050;Pago Yanbal;1205
CLI00042;Pago Yanbal;2848
CLI00538;Deposito;1621
CLI00729;Pago Yanbal;3689
CLI00527;Pago Cnel;2821
CLI00635;Pago Interagua;706
CLI00330;Transferencia SPI;4078
CLI00216;Pago Interagua;3572
CLI00336;Pago Cnel;4192
CLI00775;Pago Interagua;1505
CLI00756;Pago Yanbal;1927
CLI00465;Deposito;4657
CLI00171;Transferencia SPI;2724
CLI00839;Transferencia Directa;1176
CLI00705;Pago TC;743
CLI00701;Pago TC;397
CLI00927;Avance Efectivo;4014
CLI00629;Pago Interagua;4146
CLI00806;Pago TC;2242
CLI00070;Pago Yanbal;818
CLI00310;Pago TC;986
CLI00509;Pago Interagua;1330
CLI00620;Avance Efectivo;2436
CLI00454;Pago Cnt;3276
CLI00213;Pago Cnel;3586
CLI00693;Transferencia Directa;1019
CLI00205;Pago Cnt;2436
CLI00075;Transferencia SPI;3790
CLI00909;Pago Interagua;4994
CLI00970;Pago TC;4865
CLI00705;Pago Claro;4727
CLI00137;Pago Claro;2597
CLI00825;Transferencia SPI;2417
CLI00952;Transferencia Directa;3915
CLI00564;Pago Interagua;4957
CLI00077;Transferencia SPI;3100
CLI00481;Pago Interagua;4051
CLI00185;Pago Interagua;2643
CLI00576;Pago Yanbal;214
CLI00544;Transferencia Directa;100
CLI00862;Pago Cnt;4101
CLI00507;Avance Efectivo;4805
CLI00345;Avance Efectivo;2627
CLI00395;Retiro;4903
CLI00902;Deposito;4524
CLI00033;Pago Interagua;3552
CLI00087;Avance Efectivo;3798
CLI00407;Avance Efectivo;1578
CLI00317;Transferencia SPI;664
CLI00509;Retiro;3823
CLI00581;Pago TC;3786
CLI00920;Pago TC;1129
CLI00401;Pago Claro;636
CLI00963;Retiro;2277
CLI00078;Pago Interagua;1240
CLI00998;Pago Interagua;4506
CLI00067;Avance Efectivo;1588
CLI00337;Pago Yanbal;1473
CLI00575;Pago Interagua;291
CLI00621;Pago Yanbal;2841
CLI00890;Pago Interagua;2841
CLI00312;Pago Yanbal;4240
CLI00578;Avance Efectivo;1338
CLI00778;Transferencia SPI;4041
CLI00399;Pago Interagua;1767
CLI00673;Transferencia SPI;1993
CLI00063;Retiro;4906
CLI00184;Transferencia SPI;1899
CLI00106;Deposito;2420
CLI00247;Pago TC;3945
CLI00654;Deposito;3109
CLI00959;Pago TC;186
CLI00424;Retiro;4926
CLI00727;Deposito;4619
CLI00805;Transferencia Directa;782
CLI00094;Deposito;237
CLI00427;Pago Cnt;4664
CLI00012;Pago Yanbal;667
CLI00587;Pago TC;4159
CLI00614;Pago Interagua;3731
CLI00833;Pago Yanbal;45
CLI00486;Pago Interagua;122
CLI00717;Transferencia Directa;2554
CLI00372;Pago Cnt;3237
CLI00885;Pago Cnel;3499
CLI00300;Retiro;3483
CLI00506;Transferencia SPI;412
CLI00167;Pago Cnel;4666
CLI00482;Pago Cnt;4146
CLI00135;Pago Interagua;4577
CLI00284;Retiro;499
CLI00697;Pago TC;4912
CLI00606;Deposito;3017
CLI00550;Pago TC;3274
CLI00735;Pago Claro;365
CLI00234;Transferencia Directa;527
CLI00507;Pago Yanbal;4844
CLI00151;Avance Efectivo;2816
CLI00378;Transferencia Directa;4057
CLI00987;Retiro;3230
CLI00536;Pago Cnel;814
CLI00494;Deposito;4706
CLI00370;Transferencia SPI;21
CLI00559;Pago Cnel;2280
CLI00123;Pago Cnel;4844
CLI00202;Pago Interagua;4048
CLI00062;Transferencia Directa;2885
CLI00250;Transferencia Directa;1500
CLI00117;Transferencia Directa;3378
CLI00847;Pago Yanbal;4996
CLI00928;Pago Interagua;1901
CLI00674;Transferencia SPI;3655
CLI00095;Transferencia SPI;2916
CLI00705;Avance Efectivo;4262
CLI00328;Deposito;4106
CLI00886;Transferencia Directa;1288
CLI00659;Pago Cnt;4893
CLI00063;Pago Cnel;1758
CLI00327;Deposito;722
CLI00361;Pago TC;311
CLI00519;Pago TC;1520
CLI00973;Pago TC;2310
CLI00018;Pago Claro;1933
CLI00071;Transferencia SPI;80
CLI00103;Pago Interagua;2854
CLI00085;Pago Claro;4635
CLI00547;Pago Claro;2104
CLI00710;Pago Cnt;4802
CLI00707;Avance Efectivo;1376
CLI00020;Avance Efectivo;1313
CLI00084;Pago Cnt;346
CLI00213;Transferencia Directa;3826
CLI00106;Pago Claro;2281
CLI00664;Transferencia Directa;4980
CLI00600;Pago Yanbal;4895
CLI00404;Pago Cnt;600
CLI00478;Pago TC;2385
CLI00360;Retiro;2663
CLI00811;Pago Cnel;962
CLI00667;Pago Cnt;2337
CLI00011;Pago Cnt;3256
CLI00685;Pago Cnel;3498
CLI00332;Transferencia Directa;1472
CLI00051;Pago Claro;2419
CLI00318;Transferencia SPI;4831
CLI00058;Pago Cnel;1436
CLI00249;Pago Cnt;3967
CLI00209;Deposito;3247
CLI00070;Transferencia SPI;1505
CLI00282;Deposito;1980
CLI00640;Pago Cnt;751
CLI00736;Pago Interagua;1324
CLI00105;Pago Interagua;2739
CLI00216;Pago Cnt;4346
CLI00241;Retiro;317
CLI00631;Pago Interagua;4569
CLI00491;Transferencia SPI;3112
CLI00313;Retiro;4746
CLI00966;Transferencia SPI;3983
CLI00984;Pago Interagua;3468
CLI00010;Pago Cnel;2488
CLI00116;Pago Interagua;1620
CLI00510;Transferencia Directa;3218
CLI00221;Pago Yanbal;2178
CLI00673;Pago Cnt;3864
CLI00734;Transferencia SPI;4049
CLI00591;Deposito;816
CLI00477;Pago Cnt;2133
CLI00700;Pago Claro;394
CLI00830;Avance Efectivo;1610
CLI00604;Pago Claro;822
CLI00378;Pago Interagua;173
CLI00438;Transferencia Directa;4019
CLI00788;Pago Cnel;1414
CLI00320;Pago Cnt;4463
CLI00616;Pago Interagua;4383
CLI00914;Retiro;3810
CLI00921;Deposito;2863
CLI00065;Retiro;3674
CLI00806;Avance Efectivo;866
CLI00650;Pago Cnel;1029
CLI00312;Pago Yanbal;2344
CLI00120;Pago Claro;3788
CLI00664;Pago Claro;804
CLI00301;Retiro;4656
CLI00677;Transferencia Directa;4267
CLI00590;Deposito;2441
CLI00118;Pago Interagua;4452
CLI00797;Transferencia SPI;2059
CLI00313;Pago Cnt;4948
CLI00146;Pago Cnel;3229
CLI00850;Pago TC;3355
CLI00047;Retiro;2465
CLI00864;Pago Cnt;2304
CLI00482;Retiro;1463
CLI00184;Pago Claro;3631
CLI00296;Pago Claro;4634
CLI00840;Deposito;2323
CLI00129;Deposito;629
CLI00399;Pago Yanbal;3173
CLI00019;Pago Yanbal;2971
CLI00022;Pago Cnt;2454
CLI00461;Pago Interagua;3734
CLI00855;Pago Cnt;1718
CLI00264;Deposito;239
CLI00838;Transferencia Directa;4747
CLI00625;Pago Yanbal;445
CLI00811;Transferencia SPI;3782
CLI00398;Pago Cnt;4012
CLI00785;Transferencia SPI;1310
CLI00790;Deposito;4068
CLI00943;Retiro;2321
CLI00821;Retiro;511
CLI00411;Transferencia Directa;1138
CLI00612;Avance Efectivo;2845
CLI00246;Pago Yanbal;1017
CLI00876;Deposito;3719
CLI00033;Pago Claro;4498
CLI00725;Pago TC;4189
CLI00768;Pago Cnt;1080
CLI00905;Transferencia SPI;672
CLI00191;Pago Yanbal;297
CLI00105;Retiro;3404
CLI00883;Pago Cnt;504
CLI00116;Retiro;1124
CLI00619;Transferencia Directa;788
CLI00623;Pago Claro;320
CLI00227;Pago Cnt;4390
CLI00097;Transferencia Directa;3955
CLI00298;Transferencia SPI;1308
CLI00953;Pago TC;3489
CLI00144;Transferencia Directa;1113
CLI00314;Pago Yanbal;4064
CLI00255;Avance Efectivo;1873
CLI00897;Deposito;3389
CLI00844;Pago Cnt;372
CLI00373;Transferencia SPI;3013
CLI00407;Pago Cnt;67
CLI00077;Transferencia SPI;4089
CLI00586;Pago Claro;1063
CLI00289;Pago Claro;1627
CLI00290;Deposito;2302
CLI00615;Transferencia Directa;1225
CLI00309;Pago Cnt;1292
CLI00930;Retiro;3891
CLI00389;Pago Claro;1581
CLI00455;Avance Efectivo;39
CLI00063;Pago Claro;2878
CLI00663;Pago TC;1769
CLI00785;Pago Cnt;2689
CLI00627;Transferencia Directa;4647
CLI00503;Retiro;3289
CLI00101;Pago TC;4957
CLI00156;Pago TC;2950
CLI00490;Transferencia Directa;1855
CLI00045;Deposito;1382
CLI00011;Pago Cnt;4724
CLI00998;Pago Yanbal;2299
CLI00661;Transferencia Directa;4707
CLI00561;Pago Claro;4405
CLI00636;Retiro;2279
CLI00225;Transferencia SPI;1696
CLI00340;Pago Cnel;339
CLI00959;Pago Cnt;1839
CLI00193;Transferencia Directa;2270
CLI00536;Avance Efectivo;277
CLI00248;Retiro;2549
CLI00874;Transferencia SPI;1333
CLI00062;Avance Efectivo;2768
CLI00618;Pago TC;2917
CLI00132;Transferencia SPI;1040
CLI00244;Pago Cnel;2272
CLI00783;Pago Interagua;4433
CLI00945;Pago TC;4107
CLI00341;Pago Interagua;676
CLI00412;Transferencia SPI;3944
CLI00026;Transferencia Directa;4711
CLI00908;Pago TC;4123
CLI00210;Pago Cnel;2298
CLI00949;Pago TC;2319
CLI00708;Pago TC;721
CLI00334;Pago Cnel;2746
CLI01002;Transferencia SPI;3180
CLI00309;Avance Efectivo;1354
CLI00117;Retiro;1446
CLI00825;Deposito;4536
CLI00093;Deposito;1019
CLI00597;Transferencia Directa;3968
CLI00061;Retiro;216
CLI00957;Pago Interagua;2779
CLI00586;Pago Claro;970
CLI00398;Pago Cnel;2161
CLI00905;Transferencia SPI;1430
CLI00162;Pago Interagua;1160
CLI00862;Pago Claro;2504
CLI00454;Pago Interagua;106
CLI00334;Retiro;2770
CLI00025;Pago Interagua;1823
CLI00329;Pago Cnel;3976
CLI00837;Pago Interagua;3159
CLI00418;Pago TC;558
CLI00213;Deposito;2498
CLI00089;Pago Cnt;4946
CLI00608;Pago Interagua;4364
CLI00664;Retiro;4656
CLI00174;Pago Claro;30
CLI00673;Pago Yanbal;2707
CLI00572;Pago Interagua;1512
CLI00052;Pago Cnt;2567
CLI00380;Pago TC;213
CLI00702;Pago TC;906
CLI00512;Transferencia SPI;653
CLI00748;Retiro;1392
CLI00906;Transferencia SPI;4589
CLI00509;Pago Claro;2445
CLI00117;Pago TC;2861
CLI00058;Avance Efectivo;3796
CLI00882;Pago Cnel;565
CLI00163;Transferencia Directa;4430
CLI00204;Deposito;2027
CLI00643;Transferencia Directa;2573
CLI00923;Pago Cnel;517
CLI00826;Transferencia Directa;3568
CLI00207;Pago Yanbal;1626
CLI00283;Retiro;3081
CLI00402;Pago Cnel;3044
CLI00427;Pago Interagua;2581
CLI00954;Avance Efectivo;3238
CLI00301;Pago Claro;4571
CLI00103;Deposito;2280
CLI00847;Deposito;1107
CLI00868;Transferencia Directa;3822
CLI00239;Transferencia SPI;2856
CLI00297;Transferencia SPI;3326
CLI00969;Deposito;1765
CLI00431;Pago Interagua;3965
CLI00173;Avance Efectivo;619
CLI00915;Pago TC;3495
CLI00671;Transferencia Directa;3058
CLI00522;Deposito;4279
CLI00800;Pago Yanbal;1943
CLI00593;Pago TC;77
CLI00089;Avance Efectivo;142
CLI00472;Transferencia Directa;153
CLI00359;Transferencia SPI;1719
CLI00475;Pago Yanbal;3167
CLI00201;Pago Claro;421
CLI00766;Pago Cnt;669
CLI00927;Deposito;2644
CLI00663;Pago Claro;117
CLI00298;Pago Yanbal;1235
CLI00661;Transferencia Directa;2506
CLI00336;Pago Interagua;704
CLI00422;Pago Cnel;3101
CLI00109;Pago Claro;3207
CLI00490;Deposito;2931
CLI00389;Transferencia Directa;3682
CLI00876;Pago Claro;1284
CLI00851;Avance Efectivo;3036
CLI00967;Pago TC;4609
CLI00403;Pago Claro;708
CLI00209;Avance Efectivo;449
CLI00885;Transferencia Directa;1269
CLI00202;Transferencia Directa;1986
CLI00880;Transferencia SPI;2489
CLI00857;Avance Efectivo;4349
CLI00262;Deposito;1813
CLI00415;Avance Efectivo;1125
CLI00793;Avance Efectivo;3194
CLI00913;Transferencia SPI;508
CLI00914;Retiro;501
CLI00304;Retiro;1162
CLI00977;Transferencia Directa;2075
CLI00019;Avance Efectivo;1515
CLI00598;Pago Yanbal;1467
CLI00185;Deposito;3989
CLI00288;Pago Cnt;4751
CLI00284;Transferencia SPI;4170
CLI00853;Transferencia Directa;946
CLI00484;Retiro;175
CLI00622;Avance Efectivo;3482
CLI00141;Pago Interagua;3870
CLI00810;Transferencia SPI;768
CLI00426;Pago Claro;756
CLI00049;Transferencia Directa;1942
CLI00446;Pago Cnt;319
CLI00423;Pago Interagua;2431
CLI00834;Pago Interagua;73
CLI00101;Pago Yanbal;2782
CLI01006;Retiro;4086
CLI00192;Pago Yanbal;997
CLI00707;Pago Interagua;54
CLI00641;Pago Cnt;3314
CLI00530;Avance Efectivo;1385
CLI00747;Deposito;2015
CLI00130;Pago TC;4604
CLI00404;Pago Claro;1917
CLI00795;Pago Claro;4949
CLI00933;Retiro;2655
CLI00859;Pago TC;1532
CLI00194;Deposito;3217
CLI00544;Pago Cnel;1294
CLI00759;Pago TC;3552
CLI00587;Avance Efectivo;1447
CLI00314;Deposito;3697
CLI00972;Pago TC;3119
CLI00061;Pago Yanbal;3467
CLI00160;Pago TC;1727
CLI00248;Avance Efectivo;3885
CLI00581;Pago Cnel;1959
CLI00761;Avance Efectivo;4779
CLI00618;Pago Yanbal;1084
CLI00661;Transferencia Directa;2359
CLI00065;Pago Claro;1222
CLI00542;Transferencia SPI;47
CLI00724;Retiro;2343
CLI00603;Pago Interagua;2278
CLI00995;Pago TC;4438
CLI00537;Retiro;1002
CLI00990;Deposito;865
CLI00502;Pago Cnel;4377
CLI00385;Pago Yanbal;1981
CLI00865;Pago Claro;827
CLI00498;Pago Claro;3699
CLI00251;Avance Efectivo;679
CLI00046;Pago Interagua;192
CLI00142;Pago Interagua;674
CLI00320;Pago Cnt;1052
CLI00024;Pago Yanbal;1030
CLI00753;Pago TC;4068
CLI00851;Pago Cnel;118
CLI01012;Pago Cnel;4661
CLI00250;Transferencia Directa;395
CLI00794;Transferencia Directa;4985
CLI00462;Retiro;4359
CLI00811;Pago Claro;4484
CLI00240;Pago TC;2111
CLI00693;Transferencia SPI;2687
CLI00878;Pago Cnt;2027
CLI00202;Pago Cnel;3189
CLI00753;Avance Efectivo;3188
CLI00920;Pago Cnt;943
CLI00648;Pago Yanbal;1352
CLI00656;Pago Cnel;4076
CLI00715;Deposito;3733
CLI00319;Transferencia Directa;4583
CLI00638;Pago Claro;44
CLI00433;Transferencia Directa;2766
CLI00413;Transferencia Directa;2165
CLI00683;Avance Efectivo;4434
CLI00037;Pago Claro;257
CLI00761;Deposito;565
CLI00985;Transferencia Directa;1217
CLI00938;Pago Cnt;2385
CLI00175;Pago Cnel;2274
CLI00688;Retiro;342
CLI00214;Transferencia Directa;2667
CLI00225;Pago TC;4407
CLI00209;Pago Interagua;3321
CLI00183;Transferencia SPI;4289
CLI01008;Avance Efectivo;4403
CLI00913;Pago Cnel;4701
CLI00971;Pago TC;4415
CLI00128;Pago Cnel;1532
CLI00671;Pago TC;4114
CLI00780;Pago Cnt;3717
CLI00076;Pago Yanbal;1792
CLI00024;Pago Claro;2005
CLI00167;Transferencia SPI;2187
CLI00636;Pago Interagua;3583
CLI00719;Pago Yanbal;3572
CLI00392;Retiro;2319
CLI00486;Retiro;1573
CLI00199;Transferencia Directa;2704
CLI00801;Avance Efectivo;3139
CLI00663;Retiro;1664
CLI00268;Retiro;4538
CLI00542;Retiro;529
CLI00122;Pago Interagua;2546
CLI00908;Transferencia SPI;652
CLI00247;Pago Interagua;3797
CLI00960;Pago Claro;3775
CLI00959;Pago Cnt;4680
CLI00925;Transferencia Directa;4902
CLI00925;Pago TC;3409
CLI00273;Retiro;2418
CLI00986;Pago Interagua;3828
CLI00145;Pago Interagua;2929
CLI00533;Deposito;4569
CLI00580;Pago TC;3665
CLI00731;Pago Interagua;177
CLI00808;Pago Yanbal;4801
CLI00393;Deposito;4633
CLI00737;Retiro;2600
CLI00502;Pago Cnel;921
CLI00152;Pago TC;3739
CLI00304;Retiro;2973
CLI00068;Pago Yanbal;889
CLI00154;Pago Yanbal;3546
CLI00355;Transferencia SPI;1679
CLI00565;Pago Claro;2133
CLI00512;Deposito;1778
CLI00149;Transferencia Directa;1199
CLI00964;Deposito;1484
CLI00178;Pago Claro;2617
CLI00707;Avance Efectivo;3148
CLI00911;Pago Cnel;803
CLI01004;Pago Cnel;4498
CLI00593;Pago TC;743
CLI00781;Pago Cnel;3610
CLI00766;Pago Yanbal;1996
CLI00410;Deposito;376
CLI00726;Pago Claro;4540
CLI00547;Deposito;4669
CLI00589;Retiro;1981
CLI00374;Deposito;298
CLI00324;Pago Cnel;2923
CLI00882;Transferencia SPI;3927
CLI00417;Pago Cnel;316
CLI00555;Transferencia Directa;3768
CLI00341;Pago Yanbal;347
CLI00986;Pago Yanbal;2400
CLI00419;Transferencia SPI;4481
CLI00585;Pago Claro;2077
CLI00291;Pago Cnt;4585
CLI00579;Transferencia SPI;3024
CLI00248;Pago Yanbal;4656
CLI00718;Pago Yanbal;3656
CLI00146;Pago Yanbal;2788
CLI00053;Pago Cnt;457
CLI00746;Pago TC;1623
CLI00962;Pago Claro;4331
CLI00835;Pago TC;4996
CLI00151;Pago Interagua;3929
CLI00270;Avance Efectivo;3267
CLI00194;Pago Claro;4589
CLI00708;Transferencia SPI;921
CLI00615;Pago TC;1599
CLI00202;Pago TC;2395
CLI00256;Deposito;1788
CLI00085;Pago Cnel;814
CLI00567;Pago Yanbal;3750
CLI00855;Pago Cnt;591
CLI00555;Pago Claro;3505
CLI00796;Pago Claro;1939
CLI00871;Transferencia Directa;3130
CLI00460;Pago Interagua;4312
CLI00834;Deposito;4938
CLI00839;Avance Efectivo;3356
CLI00300;Avance Efectivo;1720
CLI00176;Pago Cnel;3270
CLI00218;Avance Efectivo;1397
CLI00735;Retiro;3634
CLI00351;Pago TC;3945
CLI00864;Transferencia SPI;3624
CLI00637;Pago TC;906
CLI00836;Pago Cnt;1268
CLI00355;Transferencia SPI;1760
CLI00459;Pago Claro;2109
CLI00346;Retiro;2811
CLI00528;Pago Yanbal;4730
CLI00732;Avance Efectivo;249
CLI00820;Pago Claro;2505
CLI00506;Transferencia SPI;3162
CLI00046;Retiro;3256
CLI00569;Transferencia SPI;4708
CLI00956;Pago Claro;145
CLI00220;Retiro;3993
CLI00322;Pago Claro;3335
CLI00573;Retiro;1719
CLI00819;Pago TC;3131
CLI00435;Pago Claro;2084
CLI00498;Pago TC;4376
CLI00982;Pago Cnt;505
CLI00994;Transferencia SPI;79
CLI00488;Pago Cnel;1563
CLI00726;Transferencia Directa;2584
CLI00619;Retiro;4080
CLI00360;Pago Claro;2078
CLI00434;Pago Cnel;3270
CLI00064;Deposito;1920
CLI00085;Pago TC;4779
CLI01012;Transferencia SPI;1258
CLI00017;Pago Cnel;1990
CLI00766;Pago Cnt;4063
CLI00437;Avance Efectivo;4256
CLI00252;Pago Interagua;1362
CLI00005;Deposito;4529
CLI00881;Retiro;3782
CLI00057;Deposito;3639
CLI00477;Pago Claro;4689
CLI00672;Pago Interagua;1141
CLI00975;Retiro;372
CLI00294;Pago Cnt;444
CLI00349;Pago Interagua;2988
CLI00200;Retiro;1743
CLI00666;Deposito;4401
CLI00364;Pago TC;766
CLI00175;Pago Cnel;3478
CLI00303;Transferencia Directa;1114
CLI00594;Pago TC;3844
CLI00543;Pago Claro;1530
CLI00380;Pago TC;2047
CLI00685;Pago Cnt;4449
CLI00537;Pago Cnt;584
CLI00666;Pago Cnt;335
CLI00891;Pago Interagua;2375
CLI00749;Pago TC;3486
CLI00401;Avance Efectivo;3536
CLI00064;Pago Yanbal;4239
CLI00677;Deposito;2708
CLI00064;Pago Claro;4581
CLI00030;Deposito;1629
CLI00816;Transferencia SPI;4386
CLI00778;Avance Efectivo;243
CLI00619;Transferencia Directa;913
CLI00680;Pago Interagua;2635
CLI00489;Pago Yanbal;1148
CLI00539;Pago Cnt;1279
CLI00508;Avance Efectivo;3518
CLI00625;Pago Interagua;1199
CLI00488;Pago Claro;3898
CLI00043;Deposito;1885
CLI00967;Avance Efectivo;4275
CLI00445;Pago Cnt;2539
CLI00497;Pago Yanbal;2759
CLI00284;Pago Cnt;3837
CLI00354;Retiro;1934
CLI00712;Pago Cnel;4825
CLI00893;Deposito;4811
CLI00105;Pago Yanbal;390
CLI00182;Retiro;684
CLI00887;Deposito;4885
CLI00218;Retiro;2359
CLI00233;Deposito;1147
CLI00748;Pago Yanbal;2586
CLI00111;Transferencia SPI;3215
CLI00991;Deposito;4357
CLI00589;Transferencia SPI;4767
CLI00136;Transferencia Directa;1296
CLI00762;Avance Efectivo;4703
CLI00499;Pago TC;1450
CLI00712;Avance Efectivo;4993
CLI00456;Pago Cnt;2081
CLI00867;Pago Interagua;4794
CLI00690;Avance Efectivo;2897
CLI00940;Avance Efectivo;4047
CLI00142;Pago Cnel;3095
CLI00601;Deposito;4962
CLI00779;Pago Interagua;1310
CLI00828;Retiro;1332
CLI00260;Transferencia Directa;1869
CLI00755;Avance Efectivo;1335
CLI00102;Transferencia SPI;1818
CLI00094;Pago Yanbal;923
CLI00582;Transferencia Directa;1771
CLI00950;Transferencia Directa;1127
CLI00328;Pago Interagua;3205
CLI00377;Pago Cnt;3181
CLI00327;Transferencia SPI;2894
CLI00944;Transferencia SPI;4876
CLI00643;Transferencia Directa;858
CLI00184;Transferencia Directa;4917
CLI00825;Pago Cnel;2735
CLI00385;Retiro;1042
CLI00602;Pago Interagua;2925
CLI00396;Transferencia Directa;2313
CLI00189;Pago Claro;729
CLI00844;Transferencia Directa;688
CLI00506;Transferencia SPI;3252
CLI00367;Deposito;1785
CLI00892;Pago Interagua;758
CLI00628;Pago Interagua;472
CLI00906;Pago TC;1087
CLI00824;Pago TC;4363
CLI00263;Pago Yanbal;2487
CLI00254;Transferencia Directa;1268
CLI00235;Retiro;4416
CLI00157;Deposito;4388
CLI00929;Transferencia SPI;1202
CLI00530;Transferencia Directa;1260
CLI00078;Pago TC;2729
CLI00548;Transferencia Directa;2068
CLI00070;Deposito;3550
CLI00255;Avance Efectivo;4155
CLI00171;Pago Yanbal;1333
CLI00724;Pago Claro;1127
CLI00817;Pago Interagua;1235
CLI00353;Retiro;3729
CLI00549;Transferencia SPI;253
CLI00074;Pago TC;4565
CLI00072;Pago Cnt;1785
CLI00989;Pago Claro;3428
CLI00515;Pago Claro;4185
CLI00432;Deposito;2611
CLI00181;Avance Efectivo;1192
CLI00069;Pago Claro;225
CLI00125;Pago TC;4035
CLI00850;Deposito;4942
CLI00458;Pago Cnt;4802
CLI00060;Pago TC;3231
CLI00363;Transferencia SPI;3379
CLI00147;Avance Efectivo;4662
CLI00420;Pago TC;1713
CLI00033;Pago Interagua;3755
CLI00438;Pago Interagua;1553
CLI00733;Pago Interagua;2242
CLI00210;Transferencia Directa;1834
CLI00937;Deposito;1382
CLI00830;Pago Claro;4836
CLI00339;Pago Claro;681
CLI00948;Pago Claro;2963
CLI00865;Transferencia Directa;4598
CLI00944;Pago Yanbal;163
CLI00088;Pago Claro;1894
CLI00264;Pago Interagua;1235
CLI00657;Pago Cnt;4796
CLI00063;Deposito;2263
CLI00501;Transferencia Directa;793
CLI00939;Pago Cnt;2521
CLI00955;Retiro;1986
CLI00737;Pago Cnel;4277
CLI00335;Pago Cnel;1579
CLI00465;Deposito;2867
CLI00292;Pago Interagua;3730
CLI00071;Transferencia Directa;4126
CLI00653;Pago Cnel;1202
CLI00507;Pago Interagua;3083
CLI00097;Retiro;3627
CLI00050;Pago Interagua;2097
CLI00044;Deposito;2368
CLI00909;Retiro;3528
CLI00245;Avance Efectivo;4108
CLI00616;Transferencia Directa;1240
CLI00483;Transferencia Directa;3424
CLI00711;Pago Claro;118
CLI00585;Avance Efectivo;4867
CLI00738;Pago Cnt;800
CLI00959;Avance Efectivo;1196
CLI00325;Transferencia SPI;4904
CLI00822;Pago Cnel;3368
CLI00767;Retiro;2585
CLI00271;Pago Claro;3793
CLI00729;Pago Yanbal;4155
CLI00668;Pago Cnt;2197
CLI00008;Transferencia SPI;2557
CLI00553;Deposito;3780
CLI00778;Pago Interagua;3747
CLI00377;Pago TC;646
CLI00472;Pago Cnel;2350
CLI00311;Pago Yanbal;4807
CLI00315;Avance Efectivo;1297
CLI00537;Avance Efectivo;4585
CLI00795;Pago Yanbal;975
CLI00052;Pago Cnel;2290
CLI00719;Transferencia SPI;748
CLI00794;Transferencia Directa;584
CLI00451;Pago Yanbal;4961
CLI01007;Transferencia Directa;1573
CLI00034;Transferencia Directa;653
CLI00299;Transferencia Directa;2442
CLI00685;Pago Yanbal;2618
CLI00067;Transferencia SPI;1515
CLI00156;Pago Cnt;414
CLI00123;Retiro;2251
CLI00640;Pago Yanbal;866
CLI00760;Pago Cnel;17
CLI00308;Avance Efectivo;2016
CLI00739;Pago Claro;876
CLI00746;Retiro;4701
CLI00486;Avance Efectivo;2691
CLI00280;Pago Cnel;2443
CLI00134;Deposito;4975
CLI00512;Deposito;401
CLI00745;Retiro;885
CLI00491;Avance Efectivo;3319
CLI00622;Pago Interagua;1666
CLI00830;Pago Interagua;1384
CLI00378;Pago TC;1954
CLI00151;Pago Cnel;59
CLI00429;Pago Interagua;1405
CLI00431;Pago Cnel;3450
CLI00169;Pago Claro;452
CLI00161;Avance Efectivo;858
CLI00551;Pago Claro;2717
CLI00793;Pago Cnel;2129
CLI00987;Avance Efectivo;329
CLI00250;Pago Cnel;436
CLI00364;Deposito;3636
CLI00266;Avance Efectivo;4974
CLI00395;Pago Cnel;759
CLI00618;Pago Cnel;4960
CLI00103;Transferencia SPI;4751
CLI00982;Avance Efectivo;3818
CLI00090;Pago Cnt;4777
CLI00248;Transferencia SPI;1496
CLI00214;Avance Efectivo;3662
CLI00702;Transferencia Directa;580
CLI00633;Deposito;2193
CLI00233;Pago Yanbal;1296
CLI00884;Pago Cnt;4012
CLI00393;Transferencia SPI;1376
CLI00840;Deposito;818
CLI00043;Pago TC;999
CLI00939;Avance Efectivo;1117
CLI00873;Transferencia Directa;4594
CLI00126;Retiro;728
CLI00991;Pago TC;3271
CLI00799;Retiro;4283
CLI00305;Transferencia Directa;281
CLI00259;Transferencia Directa;2003
CLI00303;Pago Claro;3929
CLI00431;Retiro;1495
CLI00212;Transferencia Directa;868
CLI00031;Pago TC;3294
CLI00525;Transferencia SPI;331
CLI00084;Pago TC;2498
CLI00052;Pago Yanbal;1579
CLI00183;Pago Yanbal;4672
CLI00685;Pago Yanbal;1278
CLI00766;Pago Cnel;3028
CLI00812;Pago Claro;2794
CLI00724;Pago Yanbal;1256
CLI00109;Pago Claro;4909
CLI00488;Deposito;4454
CLI00738;Pago Cnt;2601
CLI00829;Pago Cnt;263
CLI00721;Pago Cnt;2986
CLI00451;Pago Cnt;3915
CLI00252;Pago Interagua;4332
CLI00557;Pago TC;1989
CLI00009;Pago TC;4392
CLI00860;Deposito;973
CLI00584;Pago TC;3137
CLI00625;Transferencia SPI;4212
CLI00708;Retiro;1956
CLI00235;Pago Cnt;2568
CLI00758;Transferencia Directa;17
CLI00363;Pago Yanbal;1570
CLI00819;Pago TC;4646
CLI00759;Pago Interagua;4592
CLI00334;Transferencia SPI;4351
CLI00924;Avance Efectivo;798
CLI00402;Transferencia SPI;2504
CLI00054;Pago Cnel;2862
CLI00972;Transferencia Directa;4703
CLI00389;Retiro;14
CLI00984;Pago TC;915
CLI00483;Retiro;2301
CLI00402;Pago Cnel;4755
CLI00545;Pago Interagua;2601
CLI00064;Pago Interagua;4332
CLI00525;Pago Cnt;3524
CLI00704;Avance Efectivo;3485
CLI01001;Retiro;1373
CLI00005;Avance Efectivo;4924
CLI00188;Pago Yanbal;313
CLI00950;Pago Cnel;4108
CLI00842;Avance Efectivo;4226
CLI00173;Transferencia SPI;2251
CLI00599;Pago Claro;4853
CLI00491;Pago Cnt;3460
CLI00836;Deposito;3378
CLI00359;Pago Yanbal;350
CLI00909;Pago Cnel;1130
CLI00157;Pago Cnt;1235
CLI00532;Transferencia Directa;2544
CLI00198;Pago Interagua;3884
CLI00823;Pago Claro;66
CLI01008;Pago Cnt;2966
CLI00766;Pago TC;937
CLI00423;Pago TC;491
CLI00494;Pago Interagua;4559
CLI00754;Pago Cnel;3586
CLI00005;Pago Claro;3404
CLI00049;Retiro;2513
CLI00557;Transferencia Directa;1796
CLI00011;Pago Claro;3013
CLI00055;Transferencia SPI;30
CLI00087;Pago Yanbal;2870
CLI00136;Transferencia Directa;2345
CLI00258;Deposito;3706
CLI00024;Avance Efectivo;363
CLI00615;Transferencia Directa;2285
CLI00280;Pago Cnt;2851
CLI00851;Pago Interagua;3100
CLI00629;Pago TC;2437
CLI00582;Pago Cnt;2671
CLI00054;Deposito;2901
CLI00174;Avance Efectivo;912
CLI00102;Pago Interagua;3708
CLI00548;Pago Cnt;3786
CLI00951;Retiro;3924
CLI00864;Transferencia SPI;3718
CLI00960;Pago Cnt;2339
CLI00905;Pago Cnel;268
CLI00751;Deposito;1761
CLI00094;Pago Interagua;1790
CLI00426;Deposito;2853
CLI00192;Pago Interagua;2740
CLI00890;Pago Cnel;4837
CLI00679;Pago Claro;4527
CLI00019;Pago Cnel;3308
CLI00247;Avance Efectivo;813
CLI00555;Pago Interagua;1403
CLI00676;Pago Yanbal;2700
CLI00610;Pago Interagua;2431
CLI00630;Transferencia SPI;3941
CLI00871;Retiro;4771
CLI00736;Deposito;1042
CLI01014;Pago TC;2411
CLI00277;Transferencia Directa;1042
CLI00393;Transferencia SPI;2009
CLI00849;Pago Cnt;3181
CLI01013;Pago Cnel;2533
CLI00182;Pago Cnel;2511
CLI00291;Retiro;338
CLI00166;Pago Cnt;701
CLI00196;Pago Cnel;2637
CLI00371;Transferencia SPI;840
CLI00183;Pago Yanbal;4396
CLI00847;Retiro;3559
CLI00150;Transferencia SPI;4728
CLI00149;Pago Yanbal;2063
CLI00163;Transferencia SPI;4120
CLI00966;Transferencia SPI;433
CLI00485;Pago Yanbal;2067
CLI00492;Pago Cnt;4507
CLI00273;Deposito;470
CLI00815;Pago Interagua;514
CLI00440;Transferencia Directa;4306
CLI00867;Pago TC;3112
CLI00800;Pago Yanbal;955
CLI00925;Avance Efectivo;2348
CLI00001;Retiro;2475
CLI00197;Transferencia Directa;2662
CLI00522;Avance Efectivo;2280
CLI00487;Pago Yanbal;3335
CLI00819;Pago Claro;422
CLI00514;Transferencia Directa;2960
CLI00610;Transferencia SPI;1366
CLI00149;Pago Interagua;3161
CLI00329;Retiro;3019
CLI00231;Pago Interagua;2065
CLI00849;Pago Yanbal;1247
CLI00640;Transferencia Directa;4316
CLI00610;Transferencia Directa;324
CLI00313;Pago Cnel;4982
CLI00404;Pago Cnt;2030
CLI00041;Transferencia SPI;3588
CLI00795;Pago Cnel;2162
CLI00944;Pago Cnel;596
CLI00782;Pago Interagua;4021
CLI00839;Pago Yanbal;1570
CLI00800;Transferencia SPI;3502
CLI00529;Pago TC;3952
CLI00772;Pago Cnel;2967
CLI00497;Deposito;2277
CLI00779;Transferencia Directa;895
CLI00224;Pago Cnel;1794
CLI00276;Pago TC;2643
CLI00200;Pago Cnt;1796
CLI00621;Transferencia SPI;2838
CLI00401;Deposito;2748
CLI00206;Pago Cnt;1822
CLI00609;Pago Claro;553
CLI00726;Transferencia Directa;1681
CLI00682;Pago Cnel;1900
CLI00575;Pago Claro;4104
CLI00585;Pago Yanbal;2192
CLI00147;Deposito;4724
CLI00408;Pago Claro;4804
CLI00077;Deposito;4476
CLI00689;Transferencia SPI;896
CLI00653;Pago Yanbal;4980
CLI00129;Deposito;644
CLI00114;Transferencia Directa;296
CLI00856;Pago Yanbal;3329
CLI00449;Pago Yanbal;2469
CLI00845;Pago Cnel;551
CLI00207;Deposito;1693
CLI00163;Pago Interagua;1713
CLI00714;Transferencia SPI;4527
CLI00591;Pago TC;1185
CLI00904;Pago Interagua;893
CLI00547;Pago Interagua;1703
CLI00532;Transferencia Directa;1267
CLI00508;Transferencia Directa;849
CLI00923;Transferencia Directa;4986
CLI00478;Transferencia SPI;2618
CLI00384;Transferencia Directa;1728
CLI00980;Pago TC;4562
CLI00036;Avance Efectivo;528
CLI00242;Pago TC;1748
CLI00434;Pago Yanbal;2350
CLI00090;Transferencia Directa;206
CLI00601;Pago Claro;726
CLI00732;Pago Interagua;257
CLI00058;Avance Efectivo;3117
CLI00205;Pago Yanbal;559
CLI00460;Retiro;2965
CLI00245;Pago Cnt;4395
CLI00808;Pago Claro;268
CLI01007;Avance Efectivo;4521
CLI00129;Deposito;3786
CLI00394;Avance Efectivo;4427
CLI00868;Transferencia Directa;816
CLI00590;Pago Cnt;4371
CLI00048;Pago Interagua;2340
CLI00665;Transferencia Directa;4142
CLI00162;Avance Efectivo;662
CLI00899;Pago Claro;1863
CLI00236;Transferencia Directa;4201
CLI00456;Pago Interagua;4628
CLI00025;Pago TC;1506
CLI00622;Transferencia SPI;2107
CLI00925;Pago Claro;3091
CLI00775;Pago Claro;2592
CLI00673;Pago Yanbal;929
CLI00308;Pago Claro;73
CLI00237;Pago Yanbal;4875
CLI00640;Transferencia Directa;2738
CLI00657;Pago TC;1065
CLI00922;Pago Yanbal;4113
CLI00796;Pago Yanbal;3194
CLI00571;Pago Yanbal;2402
CLI00827;Pago Claro;2083
CLI00701;Pago Yanbal;3242
CLI00342;Pago TC;4931
CLI00406;Transferencia Directa;1562
CLI00263;Pago Interagua;801
CLI00687;Pago Cnt;1427
CLI00798;Pago Cnel;186
CLI00455;Transferencia Directa;1048
CLI00474;Avance Efectivo;2602
CLI00315;Transferencia Directa;212
CLI00513;Retiro;404
CLI00952;Transferencia SPI;2509
CLI00877;Transferencia Directa;203
CLI00402;Retiro;3857
CLI00726;Pago TC;2639
CLI00588;Pago Yanbal;3062
CLI00519;Transferencia SPI;3027
CLI00679;Pago Cnel;540
CLI00551;Pago Cnt;1524
CLI00977;Avance Efectivo;4450
CLI00514;Transferencia SPI;610
CLI00318;Pago Cnt;2218
CLI00044;Pago Yanbal;2272
CLI00672;Pago Yanbal;904
CLI00334;Pago Yanbal;4459
CLI00975;Transferencia SPI;1349
CLI00673;Pago Cnt;3969
CLI00372;Avance Efectivo;4867
CLI00196;Transferencia SPI;76
CLI00825;Transferencia SPI;3480
CLI00476;Transferencia SPI;3992
CLI00505;Pago Cnt;2373
CLI00842;Pago Interagua;1696
CLI00432;Pago Yanbal;2801
CLI00177;Pago Yanbal;726
CLI00494;Pago Claro;895
CLI00344;Pago Claro;2737
CLI00178;Transferencia Directa;4120
CLI00202;Pago Cnel;4793
CLI00106;Pago Interagua;3200
CLI00695;Pago Yanbal;448
CLI00654;Deposito;1354
CLI00853;Avance Efectivo;2159
CLI00449;Transferencia Directa;2082
CLI00175;Pago Cnel;1632
CLI00407;Pago Claro;3188
CLI00848;Retiro;609
CLI00824;Transferencia Directa;400
CLI00184;Transferencia SPI;3991
CLI00556;Deposito;2225
CLI00368;Pago Cnt;3553
CLI00976;Pago Cnt;2135
CLI00043;Pago Interagua;4200
CLI00455;Pago Yanbal;3855
CLI00673;Deposito;4126
CLI00476;Pago Interagua;1546
CLI00899;Pago Cnt;3760
CLI00031;Pago Cnel;4684
CLI00820;Retiro;1918
CLI00944;Transferencia SPI;4990
CLI00608;Avance Efectivo;4031
CLI00250;Avance Efectivo;941
CLI00991;Pago Cnel;2735
CLI00640;Pago Yanbal;867
CLI00949;Retiro;1553
CLI00248;Pago Cnel;3127
CLI00210;Transferencia Directa;2590
CLI00964;Pago Cnt;33
CLI00020;Pago TC;3999
CLI00133;Deposito;3908
CLI00818;Pago Cnel;2411
CLI00563;Deposito;2871
CLI00495;Transferencia Directa;4803
CLI00286;Avance Efectivo;193
CLI00732;Pago Interagua;2442
CLI00065;Pago Yanbal;3534
CLI00274;Pago TC;4626
CLI00318;Pago TC;3693
CLI00245;Pago Claro;1620
CLI00925;Deposito;3943
CLI00493;Pago Cnel;4220
CLI00617;Avance Efectivo;1883
CLI00179;Transferencia SPI;1919
CLI00324;Avance Efectivo;4591
CLI00110;Pago Claro;2852
CLI00182;Pago Claro;1341
CLI00273;Avance Efectivo;1716
CLI00513;Avance Efectivo;4045
CLI00339;Avance Efectivo;917
CLI00491;Pago Cnel;3455
CLI00669;Pago Cnel;1508
CLI00482;Pago Yanbal;2434
CLI00212;Pago Cnel;800
CLI00847;Avance Efectivo;4338
CLI00968;Pago Interagua;2044
CLI00664;Pago Yanbal;2564
CLI00756;Pago Claro;2609
CLI00949;Pago Cnt;4128
CLI00854;Transferencia Directa;2880
CLI00531;Transferencia SPI;1412
CLI00526;Deposito;1823
CLI00131;Pago Cnt;2599
CLI00888;Avance Efectivo;3655
CLI00375;Deposito;4738
CLI00859;Pago TC;2319
CLI00579;Pago Claro;1584
CLI01010;Pago Cnt;450
CLI00763;Pago Claro;3146
CLI00813;Pago TC;1433
CLI00207;Pago Yanbal;4882
CLI00767;Pago Claro;3756
CLI00067;Transferencia SPI;166
CLI00098;Pago TC;2646
CLI00869;Deposito;4883
CLI00376;Pago Yanbal;2357
CLI00286;Transferencia SPI;3676
CLI00451;Pago Claro;2999
CLI00110;Pago Cnt;1721
CLI00696;Transferencia Directa;3670
CLI00750;Pago TC;2203
CLI00508;Transferencia Directa;774
CLI00616;Pago TC;4710
CLI00677;Deposito;220
CLI00942;Deposito;1931
CLI00723;Pago Cnel;1046
CLI00275;Retiro;632
CLI00272;Pago Claro;1394
CLI00474;Pago Cnel;3123
CLI00761;Pago Interagua;2253
CLI00177;Deposito;4489
CLI00151;Pago Yanbal;375
CLI00064;Pago Claro;2426
CLI00163;Retiro;691
CLI00992;Pago Cnt;916
CLI00926;Avance Efectivo;3229
CLI00376;Pago Cnel;4428
CLI00353;Retiro;1860
CLI00991;Pago Cnel;4587
CLI00492;Avance Efectivo;3006
CLI00236;Pago Cnt;1630
CLI00658;Deposito;1376
CLI00406;Transferencia SPI;2364
CLI00879;Pago TC;118
CLI00867;Pago Yanbal;4427
CLI00772;Transferencia Directa;2550
CLI00094;Pago TC;1538
CLI00220;Pago Cnt;672
CLI00226;Pago TC;1792
CLI00575;Transferencia Directa;4600
CLI00541;Pago Yanbal;2541
CLI00519;Pago Claro;1982
CLI00388;Pago Yanbal;1473
CLI00641;Transferencia SPI;3936
CLI00104;Retiro;942
CLI00473;Deposito;4205
CLI00704;Deposito;595
CLI00333;Pago Claro;3880
CLI00890;Pago Interagua;1114
CLI00671;Transferencia SPI;437
CLI00119;Pago Cnt;1839
CLI00539;Deposito;1733
CLI00347;Pago Claro;300
CLI00983;Transferencia Directa;1280
CLI00255;Pago Claro;594
CLI00602;Transferencia Directa;3742
CLI00337;Pago TC;2775
CLI00625;Deposito;4676
CLI00557;Deposito;4041
CLI00382;Transferencia SPI;1389
CLI00572;Transferencia SPI;2476
CLI00323;Pago Cnel;1533
CLI00848;Pago Interagua;3609
CLI00850;Transferencia Directa;408
CLI00707;Avance Efectivo;4011
CLI00554;Pago TC;433
CLI00632;Transferencia Directa;4495
CLI00403;Pago Interagua;199
CLI00478;Retiro;2636
CLI00398;Deposito;4734
CLI00870;Pago Yanbal;191
CLI00541;Pago Interagua;3259
CLI00894;Avance Efectivo;4772
CLI00995;Transferencia Directa;2352
CLI00376;Transferencia Directa;1614
CLI00840;Pago Yanbal;1130
CLI00184;Pago Yanbal;1411
CLI00869;Transferencia SPI;1344
CLI00795;Retiro;4249
CLI00718;Retiro;2032
CLI00544;Retiro;3636
CLI00009;Pago TC;3071
CLI00580;Pago Cnt;4547
CLI00733;Pago Yanbal;4530
CLI00178;Transferencia SPI;3200
CLI00208;Transferencia Directa;2101
CLI00294;Pago TC;1052
CLI00938;Pago Cnt;2760
CLI00340;Avance Efectivo;1049
CLI00177;Retiro;4479
CLI00837;Deposito;3831
CLI00222;Pago Interagua;861
CLI00266;Transferencia Directa;831
CLI00643;Pago Cnel;4851
CLI00743;Avance Efectivo;2179
CLI00839;Pago Yanbal;1211
CLI00379;Avance Efectivo;1750
CLI00829;Pago Interagua;2633
CLI00831;Pago Interagua;4673
CLI00413;Transferencia SPI;2984
CLI00862;Pago Yanbal;975
CLI00353;Retiro;36
CLI00950;Transferencia Directa;2011
CLI00500;Pago Claro;2268
CLI00888;Pago TC;1888
CLI00076;Pago Cnt;4172
CLI00462;Transferencia Directa;3595
CLI00309;Deposito;3216
CLI00221;Pago TC;2373
CLI00956;Avance Efectivo;1640
CLI00166;Pago TC;129
CLI00402;Transferencia Directa;2348
CLI00527;Deposito;1026
CLI00455;Pago Cnel;985
CLI00485;Pago Claro;3256
CLI00401;Transferencia SPI;4800
CLI00497;Transferencia Directa;1565
CLI00887;Pago Interagua;2612
CLI00503;Retiro;2763
CLI00855;Transferencia SPI;916
CLI00909;Pago Claro;2805
CLI00910;Transferencia Directa;4392
CLI00139;Pago Cnel;2782
CLI00941;Deposito;4677
CLI00732;Pago Claro;2922
CLI00010;Pago Cnel;1467
CLI00145;Pago Yanbal;4326
CLI01007;Deposito;3578
CLI00119;Transferencia SPI;78
CLI00033;Pago Yanbal;4153
CLI00380;Transferencia SPI;2572
CLI00440;Pago Cnel;3393
CLI00845;Pago Cnt;3538
CLI00398;Pago Cnel;4115
CLI00324;Retiro;2980
CLI00567;Transferencia SPI;1223
CLI00181;Pago Yanbal;4305
CLI00361;Pago Yanbal;1113
CLI00354;Pago Claro;404
CLI00982;Pago Interagua;3149
CLI00499;Retiro;4692
CLI00213;Pago Cnt;120
CLI00802;Pago Yanbal;4459
CLI00320;Transferencia SPI;921
CLI00780;Pago Cnt;1467
CLI00302;Pago TC;2368
CLI00797;Pago Interagua;3640
CLI00745;Transferencia SPI;674
CLI01011;Pago Claro;3397
CLI00431;Avance Efectivo;3720
CLI00438;Pago TC;2811
CLI00833;Pago Cnel;23
CLI00007;Pago Cnt;3703
CLI00781;Deposito;433
CLI01010;Transferencia Directa;4431
CLI00498;Retiro;4682
CLI00312;Pago Cnt;293
CLI00300;Pago Cnt;2647
CLI00537;Pago Cnt;4443
CLI00691;Pago Cnel;1170
CLI00580;Avance Efectivo;166
CLI00678;Pago Cnel;1174
CLI00222;Pago Claro;4933
CLI00708;Pago Interagua;1649
CLI00412;Avance Efectivo;576
CLI00786;Transferencia Directa;4432
CLI00669;Retiro;4593
CLI00659;Pago Claro;2789
CLI00310;Pago Cnt;3108
CLI00415;Pago Interagua;4591
CLI00338;Avance Efectivo;610
CLI00430;Pago Cnel;2133
CLI00851;Pago Cnt;4204
CLI00788;Transferencia SPI;1065
CLI00146;Transferencia SPI;4762
CLI00422;Transferencia Directa;1746
CLI01007;Transferencia SPI;911
CLI00914;Pago TC;4488
CLI00425;Pago Interagua;487
CLI00515;Transferencia Directa;1504
CLI00270;Retiro;1927
CLI00394;Avance Efectivo;655
CLI00152;Transferencia SPI;1770
CLI00838;Avance Efectivo;4819
CLI00681;Pago Cnel;2920
CLI00233;Pago Cnt;1422
CLI00489;Pago Cnt;357
CLI00880;Pago Cnel;2747
CLI00650;Deposito;4979
CLI00536;Deposito;4488
CLI00438;Deposito;3365
CLI00831;Pago Interagua;2472
CLI00830;Avance Efectivo;2678
CLI00543;Retiro;4331
CLI00439;Deposito;360
CLI00650;Transferencia Directa;3834
CLI00950;Pago Claro;2196
CLI00484;Pago Interagua;1167
CLI00078;Avance Efectivo;1330
CLI00681;Pago Cnt;1505
CLI00243;Pago Yanbal;784
CLI00212;Pago Yanbal;493
CLI01010;Retiro;4356
CLI00952;Pago Yanbal;479
CLI00372;Retiro;204
CLI00174;Pago Cnt;53
CLI01008;Retiro;4226
CLI00296;Transferencia SPI;4682
CLI00535;Avance Efectivo;4581
CLI00446;Deposito;2986
CLI00089;Pago Cnt;2016
CLI00455;Transferencia Directa;4797
CLI00524;Pago Claro;4611
CLI00276;Retiro;4936
CLI00589;Pago Yanbal;4532
CLI00977;Avance Efectivo;123
CLI00534;Pago Interagua;1775
CLI00256;Pago TC;1424
CLI00943;Pago TC;2593
CLI00761;Pago TC;291
CLI00909;Retiro;4658
CLI00546;Pago Interagua;2861
CLI00990;Transferencia SPI;675
CLI00175;Avance Efectivo;496
CLI00184;Pago Interagua;1560
CLI00088;Pago Interagua;195
CLI00979;Transferencia SPI;767
CLI00105;Pago Interagua;1334
CLI00912;Pago Interagua;1794
CLI00586;Transferencia SPI;1121
CLI00969;Pago Cnel;2970
CLI00671;Pago Cnt;812
CLI00116;Retiro;3555
CLI00529;Pago Claro;4889
CLI00517;Deposito;2911
CLI00060;Pago Cnel;1077
CLI01008;Pago Interagua;2314
CLI00832;Pago Cnel;4937
CLI00362;Transferencia Directa;1855
CLI00544;Pago Claro;4950
CLI00864;Pago Claro;994
CLI00872;Pago Yanbal;2180
CLI00547;Pago Claro;735
CLI00960;Deposito;2046
CLI00599;Pago Cnt;3719
CLI00153;Transferencia SPI;1840
CLI00367;Transferencia Directa;1009
CLI00238;Transferencia Directa;44
CLI00744;Pago Cnt;3302
CLI00719;Retiro;3898
CLI00605;Pago Cnt;238
CLI00561;Pago TC;3222
CLI00164;Transferencia Directa;1239
CLI00521;Pago Cnel;2978
CLI00373;Avance Efectivo;4558
CLI00108;Pago Claro;4173
CLI00802;Pago Cnt;2853
CLI00807;Transferencia Directa;4382
CLI00107;Transferencia Directa;2101
CLI00516;Transferencia Directa;4213
CLI00369;Pago Cnel;470
CLI00019;Pago Yanbal;3247
CLI00014;Pago Yanbal;617
CLI00269;Pago TC;4503
CLI00898;Transferencia Directa;1068
CLI00254;Pago Interagua;781
CLI00093;Avance Efectivo;425
CLI00212;Pago Cnel;4324
CLI00342;Transferencia Directa;130
CLI00246;Retiro;2943
CLI00734;Retiro;2001
CLI00602;Deposito;3834
CLI00532;Transferencia Directa;663
CLI00923;Transferencia SPI;98
CLI00848;Pago Yanbal;3745
CLI00631;Transferencia Directa;1740
CLI00644;Transferencia Directa;3678
CLI00072;Pago Cnel;2927
CLI00734;Pago Cnt;3731
CLI00361;Pago Claro;3228
CLI00979;Deposito;2996
CLI00364;Pago Yanbal;2932
CLI01009;Deposito;3520
CLI00875;Pago Claro;504
CLI00336;Retiro;4158
CLI00494;Pago Yanbal;3686
CLI00772;Retiro;2128
CLI00991;Transferencia Directa;4266
CLI00279;Pago Cnel;3291
CLI00789;Pago TC;4775
CLI00138;Pago Yanbal;2249
CLI00611;Pago Yanbal;4606
CLI00070;Transferencia SPI;4264
CLI00061;Avance Efectivo;2139
CLI00746;Pago Yanbal;345
CLI00059;Pago Interagua;3232
CLI00348;Pago Cnt;200
CLI00626;Pago Claro;2068
CLI00782;Transferencia SPI;3917
CLI00527;Pago Claro;4495
CLI00151;Retiro;4803
CLI00430;Retiro;3847
CLI00185;Deposito;236
CLI01012;Pago Yanbal;4358
CLI00777;Pago TC;1880
CLI00053;Avance Efectivo;948
CLI00996;Transferencia SPI;1079
CLI00648;Pago Cnel;662
CLI00972;Avance Efectivo;4307
CLI00655;Transferencia Directa;3848
CLI00825;Transferencia Directa;1198
CLI00641;Retiro;505
CLI00182;Avance Efectivo;163
CLI00086;Pago Claro;260
CLI00559;Pago Yanbal;3683
CLI00925;Pago Cnt;3065
CLI00661;Transferencia Directa;1576
CLI00587;Pago Yanbal;4291
CLI00425;Pago Interagua;1471
CLI00547;Avance Efectivo;1265
CLI00866;Pago Claro;3410
CLI00420;Transferencia SPI;3536
CLI00018;Pago Yanbal;2074
CLI00084;Transferencia SPI;2151
CLI00344;Pago Cnel;2659
CLI00812;Pago Yanbal;2781
CLI00342;Pago Cnel;2453
CLI00542;Pago Claro;2046
CLI00025;Avance Efectivo;1019
CLI00532;Transferencia SPI;3321
CLI00930;Transferencia SPI;2639
CLI00281;Transferencia SPI;4313
CLI00626;Pago Claro;2567
CLI00690;Pago Claro;3690
CLI00794;Transferencia SPI;4353
CLI00837;Pago Interagua;105
CLI00347;Transferencia Directa;2099
CLI00411;Retiro;4091
CLI00810;Transferencia Directa;4189
CLI00537;Pago Yanbal;987
CLI00270;Transferencia SPI;4721
CLI00825;Transferencia SPI;1542
CLI00188;Transferencia SPI;369
CLI00605;Pago Yanbal;4845
CLI00898;Pago Cnt;4484
CLI00375;Transferencia SPI;3016
CLI00050;Pago Yanbal;3607
CLI00765;Deposito;3102
CLI00623;Transferencia Directa;4785
CLI00980;Transferencia SPI;3822
CLI00773;Avance Efectivo;1587
CLI00146;Pago Claro;78
CLI00661;Avance Efectivo;166
CLI00628;Pago Yanbal;2888
CLI00987;Deposito;2522
CLI00648;Avance Efectivo;2478
CLI00436;Transferencia SPI;1496
CLI00072;Pago Yanbal;2527
CLI00179;Pago Yanbal;594
CLI00901;Pago Cnt;2567
CLI00895;Deposito;657
CLI00406;Retiro;2266
CLI00466;Transferencia Directa;2055
CLI00113;Avance Efectivo;2265
CLI00300;Pago TC;2050
CLI00822;Retiro;4846
CLI00159;Pago Cnt;2843
CLI00869;Pago Cnel;2771
CLI00704;Pago Cnel;2715
CLI00787;Pago Cnt;-1803
CLI00245;Pago Yanbal;-644
CLI00946;Transferencia SPI;-2842
CLI00425;Transferencia SPI;-2009
CLI00782;Transferencia Directa;-2067
CLI00217;Deposito;-3688
CLI00785;Pago Claro;-1910
CLI00278;Pago Claro;-19
CLI00470;Pago Claro;-2130
CLI01014;Deposito;-617
CLI00556;Pago Yanbal;-826
CLI00948;Pago TC;-2175
CLI00887;Retiro;-2116
CLI00174;Pago Interagua;-3576
CLI00716;Avance Efectivo;-4643
CLI00171;Transferencia Directa;-492
CLI00868;Pago Interagua;-1790
CLI00422;Deposito;-1570
CLI00057;Transferencia SPI;-2805
CLI00530;Retiro;-2457
CLI00372;Pago Claro;-3836
CLI00783;Pago Claro;-813
CLI00785;Avance Efectivo;-1075
CLI00058;Deposito;-2256
CLI00086;Pago Interagua;-4162
CLI00372;Transferencia Directa;-3261
CLI00783;Deposito;-4840
CLI00814;Transferencia Directa;-4172
CLI00642;Transferencia Directa;-2464
CLI00504;Pago Interagua;-205
CLI00358;Deposito;-2165
CLI00919;Pago TC;-3676
CLI00443;Pago Cnel;-2849
CLI00616;Pago TC;-30
CLI00797;Pago Interagua;-265
CLI00055;Pago Yanbal;-1129
CLI00282;Deposito;-4735
CLI00963;Retiro;-3802
CLI00091;Transferencia Directa;-4558
CLI00024;Pago Cnel;-641
CLI00650;Deposito;2873
CLI00700;Avance Efectivo;3464
CLI00011;Transferencia SPI;2720
CLI00577;Retiro;471
CLI00678;Transferencia SPI;1060
CLI00238;Pago Interagua;4263
CLI00201;Pago Interagua;759
CLI00319;Pago Yanbal;2720
CLI00516;Transferencia Directa;2250
CLI00797;Retiro;1366
CLI00817;Transferencia SPI;372
CLI00143;Deposito;3850
CLI00588;Retiro;3745
CLI00642;Deposito;2477
CLI00967;Deposito;521
CLI00722;Retiro;2417
CLI00844;Retiro;2014
CLI00715;Transferencia SPI;2249
CLI00400;Retiro;2392
CLI00727;Pago Yanbal;1652
CLI00418;Pago Claro;3959
CLI00247;Retiro;4390
CLI00055;Avance Efectivo;4347
CLI00263;Pago Yanbal;2471
CLI00125;Pago Cnel;2550
CLI00715;Pago TC;1523
CLI00842;Retiro;657
CLI00953;Pago Yanbal;2662
CLI00780;Pago Interagua;2492
CLI00194;Pago Cnt;1213
CLI00499;Deposito;2130
CLI00759;Pago Cnel;738
CLI00303;Pago Cnt;3463
CLI00079;Pago Interagua;2853
CLI00386;Avance Efectivo;210
CLI00241;Pago Interagua;650
CLI00265;Pago Cnt;907
CLI00447;Deposito;2796
CLI00959;Pago TC;4349
CLI00638;Pago Yanbal;1069
CLI00746;Deposito;1828
CLI00389;Transferencia SPI;2594
CLI00973;Pago Claro;2972
CLI00215;Pago Cnt;3606
CLI00547;Pago Interagua;1107
CLI01010;Pago TC;1446
CLI01003;Transferencia SPI;1290
CLI00100;Pago Cnt;2078
CLI00072;Pago Cnel;1790
CLI00151;Avance Efectivo;2589
CLI00759;Pago TC;2041
CLI00737;Deposito;3872
CLI01002;Deposito;2924
CLI00111;Deposito;827
CLI00774;Pago Cnt;643
CLI00312;Deposito;4459
CLI00662;Pago Yanbal;1173
CLI00160;Pago Cnt;4014
CLI00142;Transferencia Directa;3888
CLI00871;Pago Cnt;884
CLI00384;Pago Cnt;3738
CLI00699;Pago Claro;4513
CLI00817;Deposito;3445
CLI00317;Deposito;1732
CLI00219;Pago Interagua;3526
CLI00753;Pago Yanbal;2816
CLI00113;Pago Yanbal;1362
CLI00604;Pago Cnel;2080
CLI00315;Pago Yanbal;145
CLI00535;Avance Efectivo;506
CLI00900;Transferencia Directa;2360
CLI00188;Avance Efectivo;940
CLI00564;Pago Claro;4130
CLI00587;Pago Claro;4289
CLI00925;Pago Yanbal;2628
CLI00369;Pago Cnel;4294
CLI00095;Pago Interagua;145
CLI00896;Pago Claro;1413
CLI00958;Pago Cnt;1078
CLI00251;Pago TC;1758
CLI00532;Pago Cnel;552
CLI00580;Pago Claro;1070
CLI00638;Pago Claro;2470
CLI00099;Transferencia SPI;4130
CLI00053;Transferencia Directa;3063
CLI00914;Pago Interagua;2360
CLI00729;Avance Efectivo;3073
CLI00744;Transferencia SPI;308
CLI00902;Retiro;3270
CLI00634;Pago Claro;1885
CLI00321;Transferencia Directa;3086
CLI00180;Pago Claro;921
CLI00314;Deposito;2613
CLI00607;Pago TC;3441
CLI00758;Pago Yanbal;3158
CLI00515;Avance Efectivo;4270
CLI00031;Transferencia SPI;1778
CLI00723;Pago Claro;3520
CLI00343;Pago TC;4109
CLI00215;Pago TC;1878
CLI00657;Deposito;581
CLI00217;Transferencia SPI;3341
CLI00929;Pago Claro;2017
CLI00924;Pago Interagua;1660
CLI00243;Pago Cnt;1355
CLI00444;Retiro;2820
CLI00435;Pago Claro;2995
CLI00112;Retiro;4841
CLI00615;Pago Interagua;4074
CLI00304;Deposito;4799
CLI00139;Deposito;3286
CLI00027;Retiro;1505
CLI00874;Pago TC;351
CLI00101;Pago Yanbal;2280
CLI00710;Pago Cnt;1241
CLI00813;Pago Interagua;2572
CLI00817;Pago Cnel;4432
CLI00921;Retiro;3522
CLI00807;Pago TC;3701
CLI00170;Pago Interagua;1171
CLI00293;Deposito;151
CLI00267;Pago Yanbal;798
CLI00964;Avance Efectivo;1148
CLI00484;Pago Yanbal;2886
CLI00044;Avance Efectivo;52
CLI00375;Pago Yanbal;2262
CLI00377;Avance Efectivo;3883
CLI00938;Pago TC;1717
CLI00846;Avance Efectivo;3837
CLI00536;Pago Cnt;1750
CLI00508;Pago Cnt;3253
CLI00855;Pago Cnel;3717
CLI00201;Transferencia Directa;1415
CLI00032;Transferencia Directa;4808
CLI00320;Avance Efectivo;3565
CLI00944;Transferencia Directa;589
CLI00808;Deposito;2305
CLI00134;Deposito;1593
CLI00606;Avance Efectivo;295
CLI00851;Pago Claro;2119
CLI00012;Deposito;4325
CLI00858;Transferencia SPI;2340
CLI00112;Avance Efectivo;1209
CLI00511;Pago Cnt;2649
CLI00588;Transferencia SPI;3940
CLI00786;Transferencia SPI;2358
CLI00635;Avance Efectivo;1445
CLI00559;Transferencia Directa;3653
CLI00971;Pago TC;1276
CLI00102;Transferencia SPI;3282
CLI00194;Pago Interagua;3962
CLI00732;Pago Yanbal;2353
CLI00762;Pago Yanbal;1408
CLI00585;Deposito;3550
CLI00178;Transferencia Directa;4092
CLI00717;Pago Interagua;3892
CLI00115;Pago Cnt;3230
CLI00657;Retiro;3703
CLI00256;Pago Cnel;958
CLI00101;Pago Cnel;4955
CLI00675;Pago Cnel;2157
CLI00516;Deposito;3819
CLI00040;Avance Efectivo;4461
CLI00619;Pago Interagua;1719
CLI00217;Pago Interagua;2718
CLI00066;Pago Interagua;986
CLI00657;Pago Interagua;865
CLI00502;Deposito;2316
CLI00212;Pago Interagua;2657
CLI00821;Retiro;3947
CLI00745;Transferencia Directa;2732
CLI00090;Deposito;2053
CLI00375;Retiro;75
CLI00779;Avance Efectivo;2145
CLI00084;Transferencia Directa;4725
CLI00998;Pago TC;4864
CLI00724;Pago Cnel;3870
CLI00972;Pago Claro;1866
CLI00799;Pago TC;390
CLI00523;Pago Interagua;793
CLI00771;Pago TC;4520
CLI00565;Pago Interagua;4299
CLI00791;Transferencia Directa;1170
CLI00557;Pago Cnt;824
CLI00135;Pago Cnel;518
CLI00662;Deposito;2984
CLI00537;Pago Claro;599
CLI00237;Pago Yanbal;1519
CLI00150;Retiro;3612
CLI00319;Pago Cnt;1839
CLI00051;Transferencia SPI;2766
CLI00168;Transferencia SPI;2198
CLI00465;Retiro;2429
CLI00208;Pago Yanbal;4762
CLI00031;Pago Cnel;1590
CLI00139;Pago Cnt;1896
CLI00762;Avance Efectivo;3801
CLI00686;Retiro;2508
CLI00066;Transferencia SPI;1471
CLI00708;Pago Cnt;1645
CLI00218;Pago Cnel;4804
CLI00644;Pago Interagua;2293
CLI00747;Pago Yanbal;860
CLI00715;Pago TC;4529
CLI00336;Pago Yanbal;3184
CLI00313;Retiro;1745
CLI00581;Pago Cnt;784
CLI00800;Pago Cnel;1743
CLI00604;Retiro;2351
CLI00582;Avance Efectivo;4665
CLI00773;Avance Efectivo;4782
CLI00729;Pago TC;3735
CLI00349;Transferencia SPI;4359
CLI00886;Avance Efectivo;4063
CLI00024;Pago Cnel;1460
CLI00097;Pago Interagua;1029
CLI00955;Transferencia Directa;4168
CLI00626;Pago Interagua;4796
CLI00974;Pago Cnt;1655
CLI00195;Pago Cnel;1188
CLI00715;Pago Cnt;817
CLI00714;Pago Cnt;2795
CLI00601;Pago Yanbal;2295
CLI00555;Pago TC;3442
CLI00823;Transferencia Directa;1101
CLI00626;Deposito;1277
CLI00386;Pago TC;3596
CLI00801;Pago Cnt;3191
CLI00129;Deposito;3176
CLI00716;Pago TC;4637
CLI00005;Pago Cnt;776
CLI00349;Transferencia Directa;2195
CLI00386;Avance Efectivo;4558
CLI00014;Pago Interagua;1054
CLI00758;Pago Yanbal;4015
CLI00626;Pago Claro;4193
CLI00966;Pago TC;2677
CLI00531;Avance Efectivo;4127
CLI00434;Transferencia Directa;3195
CLI00204;Transferencia Directa;731
CLI01012;Transferencia SPI;2827
CLI00553;Retiro;4964
CLI01001;Pago Yanbal;3267
CLI00732;Pago Claro;490
CLI00270;;2011
CLI00831;;3525
CLI00279;;4880
CLI00836;;989
CLI00914;;2377
CLI00841;;3270
CLI00833;;1324
CLI00202;Transferencia Directa;3650
CLI00821;Retiro;3695
CLI00560;Retiro;2745
CLI00895;Transferencia SPI;1867
CLI00288;Pago Claro;3367
CLI00620;Pago Yanbal;3681
CLI00392;Avance Efectivo;818
CLI00056;Avance Efectivo;3867
CLI00763;Deposito;2737
CLI00415;Transferencia SPI;3477
CLI00645;Pago TC;2609
CLI00461;Pago Cnel;3329
CLI00477;Pago Interagua;3836
CLI00315;Pago Interagua;2932
CLI00022;Pago Claro;894
CLI00083;Pago Yanbal;3286
CLI00044;Transferencia Directa;4691
CLI00100;Pago Cnel;4153
CLI00979;Avance Efectivo;1535
CLI00796;Pago Cnt;4510
CLI00970;Transferencia Directa;2111
CLI00500;Pago Cnel;493
CLI00709;Pago Cnel;3971
CLI00086;Deposito;4486
CLI00964;Deposito;1472
CLI00706;Pago Cnel;4762
CLI00098;Transferencia SPI;769
CLI00506;Pago Yanbal;2563
CLI00291;Pago Cnt;3232
CLI00037;Transferencia SPI;4959
CLI00649;Retiro;1856
CLI00198;Pago Claro;3379
CLI00860;Retiro;1837
CLI00499;Pago Interagua;1436
CLI00685;Pago TC;1086
CLI00229;Retiro;410
CLI00500;Transferencia Directa;4939
CLI00208;Pago Cnel;2908
CLI00632;Avance Efectivo;1825
CLI00071;Retiro;1780
CLI00644;Transferencia SPI;132
CLI00527;Retiro;4675
CLI00247;Transferencia SPI;4886
CLI00503;Retiro;1937
CLI00199;Pago Interagua;4806
CLI00295;Pago Yanbal;4450
CLI00920;Pago Cnel;1485
CLI01004;Retiro;3706
CLI00687;Avance Efectivo;1732
CLI00757;Pago Cnt;4881
CLI00183;Pago Cnel;4584
CLI00791;Deposito;1903
CLI00042;Pago Interagua;3437
CLI00099;Transferencia SPI;3894
CLI00655;Deposito;1384
CLI00452;Pago Cnel;3813
CLI00237;Transferencia Directa;4787
CLI00106;Deposito;2889
CLI00005;Retiro;986
CLI00435;Pago Interagua;4095
CLI00276;Transferencia Directa;2556
CLI00616;Avance Efectivo;3392
CLI00478;Deposito;4187
CLI00116;Transferencia Directa;342
CLI00351;Retiro;1953
CLI00700;Retiro;2006
CLI00572;Avance Efectivo;700
CLI00514;Pago Claro;369
CLI01009;Pago Interagua;529
CLI00100;Transferencia Directa;2633
CLI00730;Pago Interagua;4934
CLI00854;Transferencia Directa;4970
CLI00294;Pago Yanbal;800
CLI00800;Transferencia Directa;2421
CLI00613;Avance Efectivo;4818
CLI00840;Pago Cnt;1223
CLI00414;Pago Yanbal;4924
CLI00155;Transferencia SPI;2966
CLI00742;Transferencia Directa;4432
CLI00196;Retiro;79
CLI00686;Pago Yanbal;2574
CLI00342;Avance Efectivo;1898
CLI00169;Pago Cnt;70
CLI00356;Pago Claro;182
CLI00882;Pago TC;3136
CLI00630;Pago Cnel;4572
CLI00956;Retiro;4073
CLI00722;Transferencia SPI;3771
CLI00157;Deposito;1482
CLI00661;Deposito;2436
CLI00859;Retiro;341
CLI00800;Transferencia Directa;2687
CLI00779;Retiro;2840
CLI00787;Pago Interagua;190
CLI00636;Retiro;2099
CLI00372;Pago Claro;2138
CLI00147;Pago Cnt;2930
CLI00729;Deposito;2392
CLI00807;Retiro;2591
CLI01010;Transferencia Directa;1005
CLI00648;Pago Yanbal;1154
CLI00054;Pago Claro;4452
CLI00180;Pago Yanbal;1572
CLI00545;Retiro;4679
CLI00028;Transferencia Directa;986
CLI00359;Pago Cnt;524
CLI00240;Pago TC;3933
CLI00374;Retiro;1936
CLI00443;Transferencia SPI;4865
CLI00254;Transferencia Directa;134
CLI00291;Pago Claro;1125
CLI00654;Pago Cnel;4405
CLI00886;Pago Cnt;3612
CLI00497;Deposito;682
CLI00979;Pago Claro;1451
CLI00042;Pago Cnel;4240
CLI00822;Pago Claro;872
CLI00628;Pago TC;3077
CLI00386;Pago Yanbal;2066
CLI00310;Transferencia Directa;318
CLI00276;Avance Efectivo;3737
CLI00460;Pago Cnt;60
CLI00127;Transferencia Directa;2897
CLI00531;Pago Yanbal;2061
CLI00307;Transferencia Directa;3373
CLI00485;Pago Claro;4875
CLI00512;Pago Cnt;879
CLI00974;Pago TC;1796
CLI00286;Pago Yanbal;4386
CLI00747;Retiro;2203
CLI00159;Pago TC;4992
CLI00495;Pago Yanbal;1430
CLI00153;Pago Claro;3399
CLI00106;Pago TC;2180
CLI00462;Pago Yanbal;2095
CLI00304;Transferencia Directa;4145
CLI00287;Transferencia SPI;2183
CLI00401;Transferencia Directa;3844
CLI00723;Transferencia Directa;922
CLI00500;Pago Cnt;176
CLI00889;Pago Cnt;3883
CLI00613;Deposito;3414
CLI00335;Pago Cnel;4178
CLI00138;Pago Cnt;2328
CLI00161;Pago Interagua;1002
CLI00126;Pago Cnel;1899
CLI00413;Avance Efectivo;466
CLI00783;Pago Cnt;1015
CLI00816;Transferencia Directa;4194
CLI00176;Pago TC;3903
CLI00927;Pago Yanbal;52
CLI00265;Pago Yanbal;1623
CLI00777;Pago Cnt;4473
CLI00718;Transferencia SPI;959
CLI00553;Pago Yanbal;4818
CLI00352;Deposito;1448
CLI00015;Pago Yanbal;3565
CLI00489;Pago Cnel;2883
CLI00741;Retiro;1195
CLI00300;Avance Efectivo;3846
CLI00461;Avance Efectivo;871
CLI00602;Pago TC;3565
CLI00212;Transferencia SPI;4186
CLI00424;Transferencia Directa;1813
CLI00367;Transferencia Directa;2867
CLI00455;Pago Interagua;2446
CLI00669;Transferencia Directa;4366
CLI00932;Avance Efectivo;3975
CLI00729;Pago Yanbal;2633
CLI00604;Pago Cnel;2453
CLI00834;Pago Claro;2932
CLI00420;Pago Cnel;4773
CLI00455;Pago Cnel;4117
CLI00746;Retiro;1757
CLI00771;Pago Yanbal;2566
CLI00793;Pago Cnel;1051
CLI00229;Pago Interagua;3999
CLI00595;Pago Cnt;3510
CLI00339;Deposito;1073
CLI00142;Transferencia Directa;2298
CLI00807;Transferencia SPI;3563
CLI00091;Transferencia Directa;4366
CLI00742;Pago Claro;4138
CLI00426;Retiro;2293
CLI00882;Pago Cnel;1339
CLI00839;Pago Cnt;2364
CLI00459;Retiro;180
CLI00739;Transferencia Directa;3958
CLI00190;Pago TC;1178
CLI00570;Pago Claro;3149
CLI00404;Transferencia Directa;2013
CLI00874;Deposito;101
CLI00840;Pago Cnt;429
CLI00262;Retiro;3337
CLI00397;Pago Cnel;711
CLI00439;Pago Cnt;1383
CLI00358;Pago Yanbal;3770
CLI00014;Deposito;1286
CLI00558;Pago Claro;452
CLI00129;Pago TC;2032
CLI00955;Transferencia Directa;542
CLI00350;Retiro;3278
CLI00133;Retiro;2835
CLI00589;Pago Cnel;931
CLI00874;Pago TC;1900
CLI00420;Pago Cnt;3760
CLI01009;Pago TC;1212
CLI00382;Pago Interagua;2546
CLI00338;Pago TC;949
CLI00728;Transferencia Directa;3337
CLI00298;Transferencia SPI;45
CLI00991;Pago Claro;4425
CLI00740;Pago TC;4998
CLI00615;Avance Efectivo;4809
CLI00238;Retiro;2815
CLI00868;Pago Interagua;3134
CLI00067;Deposito;281
CLI00470;Deposito;124
CLI00334;Deposito;2270
CLI00084;Avance Efectivo;953
CLI00037;Pago Yanbal;1797
CLI00806;Pago Cnel;4167
CLI00601;Transferencia Directa;859
CLI00318;Deposito;1099
CLI00772;Pago Cnt;4945
CLI00239;Pago Claro;1772
CLI00131;Avance Efectivo;3645
#¡REF!;Pago TC;1324
CLI00493;Pago Cnt;4210
CLI00412;Transferencia Directa;1886
CLI00764;Pago Cnel;1967
CLI00720;Pago Claro;4754
CLI00382;Pago TC;966
CLI00151;Pago Interagua;1536
CLI00919;Avance Efectivo;2944
CLI00578;Deposito;2941
CLI00315;Avance Efectivo;2248
CLI00562;Avance Efectivo;4353
CLI00816;Deposito;3674
CLI00183;Pago Cnt;4673
CLI00448;Pago Interagua;1405
CLI00233;Pago Claro;2253
CLI00752;Pago TC;4001
CLI00618;Pago TC;272
